CREATE DATABASE  IF NOT EXISTS `tmdt` /*!40100 DEFAULT CHARACTER SET utf8mb4 COLLATE utf8mb4_0900_ai_ci */ /*!80016 DEFAULT ENCRYPTION='N' */;
USE `tmdt`;
-- MySQL dump 10.13  Distrib 8.0.34, for Win64 (x86_64)
--
-- Host: 127.0.0.1    Database: tmdt
-- ------------------------------------------------------
-- Server version	8.0.35

/*!40101 SET @OLD_CHARACTER_SET_CLIENT=@@CHARACTER_SET_CLIENT */;
/*!40101 SET @OLD_CHARACTER_SET_RESULTS=@@CHARACTER_SET_RESULTS */;
/*!40101 SET @OLD_COLLATION_CONNECTION=@@COLLATION_CONNECTION */;
/*!50503 SET NAMES utf8 */;
/*!40103 SET @OLD_TIME_ZONE=@@TIME_ZONE */;
/*!40103 SET TIME_ZONE='+00:00' */;
/*!40014 SET @OLD_UNIQUE_CHECKS=@@UNIQUE_CHECKS, UNIQUE_CHECKS=0 */;
/*!40014 SET @OLD_FOREIGN_KEY_CHECKS=@@FOREIGN_KEY_CHECKS, FOREIGN_KEY_CHECKS=0 */;
/*!40101 SET @OLD_SQL_MODE=@@SQL_MODE, SQL_MODE='NO_AUTO_VALUE_ON_ZERO' */;
/*!40111 SET @OLD_SQL_NOTES=@@SQL_NOTES, SQL_NOTES=0 */;

--
-- Table structure for table `account`
--

DROP TABLE IF EXISTS `account`;
/*!40101 SET @saved_cs_client     = @@character_set_client */;
/*!50503 SET character_set_client = utf8mb4 */;
CREATE TABLE `account` (
  `id` int NOT NULL AUTO_INCREMENT,
  `username` varchar(255) DEFAULT NULL,
  `password` varchar(255) DEFAULT NULL,
  PRIMARY KEY (`id`),
  UNIQUE KEY `username_unique` (`username`)
) ENGINE=InnoDB AUTO_INCREMENT=13 DEFAULT CHARSET=utf8mb4 COLLATE=utf8mb4_0900_ai_ci;
/*!40101 SET character_set_client = @saved_cs_client */;

--
-- Dumping data for table `account`
--

LOCK TABLES `account` WRITE;
/*!40000 ALTER TABLE `account` DISABLE KEYS */;
INSERT INTO `account` VALUES (1,'nhacc1','nhacc1'),(2,'nhacc2','nhacc2'),(3,'nhacc3','nhacc3'),(4,'a','a'),(6,'c','c'),(7,'b','b'),(8,'test','test'),(12,'bau','bau');
/*!40000 ALTER TABLE `account` ENABLE KEYS */;
UNLOCK TABLES;

--
-- Table structure for table `order`
--

DROP TABLE IF EXISTS `order`;
/*!40101 SET @saved_cs_client     = @@character_set_client */;
/*!50503 SET character_set_client = utf8mb4 */;
CREATE TABLE `order` (
  `id` int NOT NULL AUTO_INCREMENT,
  `timestamp` timestamp NULL DEFAULT CURRENT_TIMESTAMP,
  `status` tinyint DEFAULT '0',
  `total` decimal(10,2) DEFAULT NULL,
  PRIMARY KEY (`id`)
) ENGINE=InnoDB AUTO_INCREMENT=21 DEFAULT CHARSET=utf8mb4 COLLATE=utf8mb4_0900_ai_ci;
/*!40101 SET character_set_client = @saved_cs_client */;

--
-- Dumping data for table `order`
--

LOCK TABLES `order` WRITE;
/*!40000 ALTER TABLE `order` DISABLE KEYS */;
INSERT INTO `order` VALUES (1,'2024-01-04 12:47:53',0,49.98),(2,'2024-01-04 12:52:17',0,79.97),(3,'2024-01-04 12:56:10',0,39.99),(4,'2024-01-04 15:58:26',0,49.98),(5,'2024-01-04 16:04:29',0,29.99),(6,'2024-01-04 16:16:10',0,75.98),(7,'2024-01-04 16:47:26',0,29.99),(8,'2024-01-05 01:02:21',-1,139.96),(9,'2024-01-05 01:24:51',0,39.98),(10,'2024-01-05 01:29:44',0,119.97),(11,'2024-01-05 01:32:32',0,59.97),(12,'2024-01-05 01:33:02',0,119.95),(13,'2024-01-05 02:18:09',-1,119.97),(14,'2024-01-05 02:53:58',-1,59.97),(15,'2024-01-05 09:26:01',0,79.97),(16,'2024-01-05 09:27:53',0,149.96),(17,'2024-01-07 15:41:15',0,49.98),(18,'2024-01-07 15:42:19',-1,223.96),(19,'2024-01-07 18:20:30',0,1000.00),(20,'2024-01-09 07:03:01',-1,29.99);
/*!40000 ALTER TABLE `order` ENABLE KEYS */;
UNLOCK TABLES;

--
-- Table structure for table `orderaccshop`
--

DROP TABLE IF EXISTS `orderaccshop`;
/*!40101 SET @saved_cs_client     = @@character_set_client */;
/*!50503 SET character_set_client = utf8mb4 */;
CREATE TABLE `orderaccshop` (
  `id` int NOT NULL AUTO_INCREMENT,
  `idaccount` int DEFAULT NULL,
  `idorder` int DEFAULT NULL,
  `idshop` int DEFAULT NULL,
  PRIMARY KEY (`id`),
  KEY `idaccount` (`idaccount`),
  KEY `idshop` (`idshop`),
  KEY `orderaccshop_order_id_fk` (`idorder`),
  CONSTRAINT `orderaccshop_ibfk_1` FOREIGN KEY (`idaccount`) REFERENCES `account` (`id`),
  CONSTRAINT `orderaccshop_ibfk_3` FOREIGN KEY (`idshop`) REFERENCES `shop` (`id`),
  CONSTRAINT `orderaccshop_order_id_fk` FOREIGN KEY (`idorder`) REFERENCES `order` (`id`)
) ENGINE=InnoDB AUTO_INCREMENT=24 DEFAULT CHARSET=utf8mb4 COLLATE=utf8mb4_0900_ai_ci;
/*!40101 SET character_set_client = @saved_cs_client */;

--
-- Dumping data for table `orderaccshop`
--

LOCK TABLES `orderaccshop` WRITE;
/*!40000 ALTER TABLE `orderaccshop` DISABLE KEYS */;
INSERT INTO `orderaccshop` VALUES (22,1,19,2),(23,1,20,1);
/*!40000 ALTER TABLE `orderaccshop` ENABLE KEYS */;
UNLOCK TABLES;

--
-- Table structure for table `orderdetail`
--

DROP TABLE IF EXISTS `orderdetail`;
/*!40101 SET @saved_cs_client     = @@character_set_client */;
/*!50503 SET character_set_client = utf8mb4 */;
CREATE TABLE `orderdetail` (
  `id` int NOT NULL AUTO_INCREMENT,
  `idproduct` int DEFAULT NULL,
  `quantity` int DEFAULT NULL,
  `idorder` int DEFAULT NULL,
  PRIMARY KEY (`id`),
  KEY `idproduct` (`idproduct`),
  CONSTRAINT `orderdetail_ibfk_1` FOREIGN KEY (`idproduct`) REFERENCES `product` (`id`)
) ENGINE=InnoDB AUTO_INCREMENT=33 DEFAULT CHARSET=utf8mb4 COLLATE=utf8mb4_0900_ai_ci;
/*!40101 SET character_set_client = @saved_cs_client */;

--
-- Dumping data for table `orderdetail`
--

LOCK TABLES `orderdetail` WRITE;
/*!40000 ALTER TABLE `orderdetail` DISABLE KEYS */;
INSERT INTO `orderdetail` VALUES (1,1,2,NULL),(2,2,1,NULL),(3,3,3,NULL),(4,1,1,1),(5,2,1,1),(6,1,1,2),(7,2,2,2),(8,3,1,3),(9,1,1,4),(10,2,1,4),(11,2,1,5),(12,1,1,6),(13,5,1,6),(14,2,1,7),(15,1,1,8),(16,3,3,8),(17,1,2,9),(18,3,3,10),(19,1,3,11),(20,1,3,12),(21,2,2,12),(22,3,3,13),(23,1,3,14),(24,1,1,15),(25,2,2,15),(26,2,1,16),(27,3,3,16),(28,1,1,17),(29,2,1,17),(30,5,4,18),(31,6,1,19),(32,2,1,20);
/*!40000 ALTER TABLE `orderdetail` ENABLE KEYS */;
UNLOCK TABLES;

--
-- Table structure for table `product`
--

DROP TABLE IF EXISTS `product`;
/*!40101 SET @saved_cs_client     = @@character_set_client */;
/*!50503 SET character_set_client = utf8mb4 */;
CREATE TABLE `product` (
  `id` int NOT NULL AUTO_INCREMENT,
  `name` varchar(255) DEFAULT NULL,
  `price` decimal(10,2) DEFAULT NULL,
  `imageurl` blob,
  `description` text,
  PRIMARY KEY (`id`)
) ENGINE=InnoDB AUTO_INCREMENT=14 DEFAULT CHARSET=utf8mb4 COLLATE=utf8mb4_0900_ai_ci;
/*!40101 SET character_set_client = @saved_cs_client */;

--
-- Dumping data for table `product`
--

LOCK TABLES `product` WRITE;
/*!40000 ALTER TABLE `product` DISABLE KEYS */;
INSERT INTO `product` VALUES (1,'can',10.00,_binary 'data:image/jpeg;base64,/9j/4AAQSkZJRgABAQAAAQABAAD/2wCEAAkGBwgHBgkIBwgKCgkLDRYPDQwMDRsUFRAWIB0iIiAdHx8kKDQsJCYxJx8fLT0tMTU3Ojo6Iys/RD84QzQ5OjcBCgoKDQwNGg8PGjclHyU3Nzc3Nzc3Nzc3Nzc3Nzc3Nzc3Nzc3Nzc3Nzc3Nzc3Nzc3Nzc3Nzc3Nzc3Nzc3Nzc3N//AABEIAJQAmQMBIgACEQEDEQH/xAAbAAABBQEBAAAAAAAAAAAAAAAGAgMEBQcAAf/EAD4QAAEDAgQDBgMGBQIHAQAAAAEAAgMEEQUSITEGQVETIjJhcYEHkbEUI0JSodEVM2LB8CTxJVNUcpKishf/xAAZAQADAQEBAAAAAAAAAAAAAAAAAgMBBAX/xAAhEQACAgICAwEBAQAAAAAAAAAAAQIRITEDEiJBURMyBP/aAAwDAQACEQMRAD8AMly9XWVznOXW0XFeX38kAIl7rS52gG5PJBWNcXnt30+G6tabGW/i9P3Vzxr/ABF+DvhwqMySvNpGttfJoDa/PX5XWdUjTG3PMSXjkQLBTnOi3FDtll4cWxSpp3smnLWu672VfJO5jAHSOc4bFqZlqmM+8md3CNBzTInfL33uMUfJjRqQki/pWUa0SH1Uj25WZsw6Df1SYcQfHKGvJY7kb2TXayPGWICNm177hJbQ08zyNb28WbmqWSaCTDuIqyBxMshnZ/y32v5aopwfH6PEwWMPZTjeJ/P0Ky2oiqKAhpeTG4aOSI6mOEslY6Z8wN2hnI+yaxeptV12W6DOGuK5aq0Nc20jR4S2xcPLzRpG9rmBzbWIuCEJ2I1R61ij1EfNSwUzP4bJjCG0ap8DRNMGpUgDRaAi2q9su5r1YBKC6y4L1YB5ZUXEHEAwCWGSrhMlHL3R2R7+fzBsLWV4eQugziKrmw7GZO1h+1w12VkbNbQkADzAuTdJKVKxoq2Q+N8YfLHTxFs1K1p7S2fU6dWnz2QTLVG93Eho1DbpeNVNRLV9lUTmV8Qyvf8AmIVVJKcwIOy535OzriuqJL5nZ+0m1se6zdTI3uAz1BFzrlCrGPyWebX/AAg8l62Wxubk9Fptlv8AarizQB0/ZeyS5W5pXhjR+EblVrZsmp8R59An6S9RIXyGxG3kniyci9w+WGsiME3dYRYE6lVNVA+gq3xk5W30OwIVrQUpe8Bo8yeqvKzAX11KC5uZ1tLrXIxQbBCOofFMyVuUhpuMp1C03g/E2Yjhos672E5m31CzTEsIlw9xztcG9QNlJ4Xxh2H4pE9ziGnuOI/ED19EKVMJQbVGxAJucaJUcge0OGxC8l1VzmIsQ7xTzvCm2eIpZJIQA2DqlX8007Ry65QBZBeFKC8ISgRqmQsZoLoRrKqOnfXR5ntdV3c438Jy27vyRuyISEgoe4mwlppnyMbchZJWho7McmfpJK6+Z77i6ijQE+6frO6/s/ym3uo5FvVc6R1tnXzHMuY78R5JB1C9vYac9Fpg4x5ItvfUlWWHxySHyG6i0dMXuHQBE2FUdpWRt8RtdK5FIwCnhXC+0bHI8d0aDzRvHSsbGAANAo+DUzIaVjOYAVpZoGpQhmDmNYTDVQPDwLkb2WOYrSOw/EZKc3HMLfZ8paVknxLp4mYlDKwi7wRZArDjhGt/iGBU0pJL2tyP9QrmTwoH+FtTmpq2mO7HBzffRHT/AAa7rqg/E4pqpEVviKctomx4ypDdkwhGkbqkWKkubdIyIAnBeHZcF6dkoHkUnZyAnZQuJq2CnwqomkIs1tx68kusJbHcbhB+L4hJO59HJfJI0tKx6NWzMJs0k73uFrm590xI7TTdWNVAaYyQSfzI3WP+eirXjVQOr0JIsB5p2GLtZWM80ktJIVlhEN6q5GwusbwMlbLalpWxQhvK2p62VzhbKn7SOwiBe3XM51gD/n0UelhD5oo3eG2Z31V5T4fWx07pKYND5SSSeSmssu1RMz4yxg/1UTT7qZh1VimcNqpGPb+ZqGJcCxKpkiLq1zASDMM5Gl9bWGunmizDcPlhhbndmyk5f+3oqOyaSskYrVSQUxyvDXOHids3zWWYxJSYhVTdlJLUmGNznzHa46eWoWtYxQsrKSIluZpYWluyzuvwyPCGVzYmOY2WmfYE5rnT9ghBLWBHwxly4u+O+ksJHuCCPotPkvZZPwFePG6c/wBX1Fv7rWnbK/E8HJzLyIw8SdDtE20d4pYFlQkKJ0SLr06pOXzQBLCVyXgXqU0jVQvGQg/Eaa1UXAIynF2qlrocxvZDMA7ifA31ETK+lYS7JlmaOg2cgSZpD7AfNbfQNFspAOtjdZtx1hNPhNV2kL+5K4kR82KU17LQl6Kalou1iModctGwCscPiEVTa2yh4VEezOpuQrejbck/ituuds7IrBbYey9U/poP3+i0DDOzMLWkDQIDwYfePcfzXRjh8hAAuiOx2XTaSnc7N2Tbpbixjgwc03BLcbqFib6mKVssTA8Wt6FVsRbLMw9rRPY2126hAHGUf3Ez9iyF366K9w+urp5JGPe1uV1nOaNEN8aSl8Jp2avqJBEPQak/RZdmSVFDwTG7+LReRaFrB5rPOBaQOrJZxq3M1jP1P0atC1srcX8nHzPyGG+Mp22ibb4inuSqRGjok5kt40TVkGk8JXJNtKWClAZkF1Bqmd0qwfqmJ2XjKGBVNkFOC4gnXQBCWPcOV+OV3byvEcTQXE8gPVF+XNLY7HQeiF/iFipgpmYZTPLfC+oym123Fmn1StYHjsoaei7COwGguL9QnadmR5PUK4iiY+lYQBlc3RQuyyb7B1rrjZ6EdEnCXBoI/qRRSyCw1CFaNpZmA8QeVZ01cY3BrtClTyPQVR1IiaSToNVRYpxg1maOioaiom2/llov72UqlnEttQU5PhrKnvXynqE+awbDqpeQPYdi2KVlWHGAQtIu5txry5KLi5knrqioteKij7KJ195Xf7oidTCjkLYe/UOb3ejPM+Vl38JbJ2cbW/6aG5GmsjzuT/m3qnhB1kj/AKuSMp1E94PpBDRQkNINsxv12H6XPuiF2xSKKjfS0rQ5p1GrgNAlnZdUcI4J7GPxJ3kmj4k4Nkwok7JNk4UlAD42SgvAF6NEholwSXNu0p0rgLghaYUGK1sOHsL3OvINWx9T+yyXH6s1NTLdxc57y97+pRXx/WsZjDWU82YGIB4BuA4H/ZBUoL3b6E6rGOvoZcL1H2rC48xu5ncPqFbGlDnSAgWI6IS4MqezrpaV20jQ9o8xv+lkextDgSNeWi5Jqmd3HK0VMUBZUTA7WFv89kmqjBFjyVrLF3wbcrKDWQNqI3xvLsrhbumxUvZV6H8Idh01Lkgq5H10bjmigGe3rfT9VNiFe4hk0whYT3WA3e7+wQXwlxCyHGXYZOI6fDhUOjzRDK4XJDczuY5FaRkhileYIY22daOwuXDmSea6JRwQhPNex3DMGjYXOfK+Vz9Tmdr6K2ioo42izWg+eqrInuDiyGQBzfHI7l7Jir4lpsPc1plzHncarLoZxsJ4mtAsW3voeiiVVA4XfBc9WcwqWm4wpZXgX+Su6LFoqi2V108Z/CU+O9lU7R+2ycaCRsriqp4K2Nwz9nKRZsjQCWnr5rHsUr8d4V4q/wCL4g2shDmizHWaY3HU5fwkDkrKdnM4UaQ5ISmubJG18bg5jhdrhsQuypxCSEzU1lLRtvU1EUXTO7U+26CeJ+NjLKaHhx4Lb2fV5bk+TL/VUMbXZu1qJHyzO1L3uuUqVmh3V8U0rARSRSTO/M4ZW/v+iHMT4gr6uN0bpmwsO7YhYn3VW6U7FNkXGmqekYVWKNDmZ2t7wNrndVYs4GwV7WsvTSnmBdDjTlc5vK6SQ6H4al9HVRVTAS6FwdYcxzHyWt0WWemjliN43tDmnqDssjfbs9RyWifDGt+14ZNRzHv0jw1uv4DqP7j2UeSNl+KVMvJoyAoZhzSNA2V9PACDZQHx5H3UOp09sGOUkE8WPVVOIwZRUlgY7a+fn5W1Wl12PhuDuqoZxHK8GOF7m3GnMD5/ohbjy1BxFTVdMcnbsL3ho0zjS/yt8kNy1Es0odLI51tgToPQcl0Jdkczn0tBvhGJtoIXMndNU9sc0kva2Lj5dFNlOG1jPuZ5YH8hMzO0+7df0QXh1Sc3ZyEZXaDyKmMqH00muyp+cWsk1zTWUyRiMhpXZXkNI2cDcfNR6Liaejk+6kJYOZKp+IaieepaJjeEaxtG3n7qrJOzv0UfzSZb9nJZDys+I9aKZ0NCy0hbYyuG3oEFzVlTWPM1XM+aV9y9zzcnqmWp2leGPc0uDWvGUuI2TpEm7NQ+GOPfa6J2E1Lry0zc0JP4o+nq36EdEb93q/5LBKKsnwnEY6qldlliddpcLZvI+RWh/wD6XQ/9FN+idSJuOQLpazD6d5ySSZjp3rEfRT466F/hkbbyQlKwZQV5HI9hBaTcIUqN6hdJPbW4LTzBVNU4lLTVYkidmZsW8imG1DpGExnKd3t8uoUWYg3G6HIKCqnnjxCnzxGziNQUOTtMTwbbgH32ScJrH0lULeEnUK1xPCX1F6qjlPfFxE7b26Iuwqipkke5up9gjH4UTtjxuspnvGaaBrmjqWk3/wDpBcRkBd20bmvjOUg8ipGD10uFYpT10N7wSBxA5t2I+WiR6Hi6Zv8AIzuKvqIxZWME8NZSRVNM4OhmYHsI5gqPUNCkdK0Zd8R4vv6J9tG5mlDDmB8Qe3cbhHnxEpw/Dw8DvMeDdZ/DKWj0VOPRDlWSRTRyPILWlWFzl7Oo06OPNVc884ha+nNojuRu0p2iLXwBx/mDQkm5KpZGh+ppxUQFl7uGrXKjILSQRYg2IV5G45tSo2L01gKmIb6PH90NDJlYEoi49l43fy6r1KMSy9kkAe0ODg67y53lyHuFGzf0tTlK8B+R2Ugg+IXsvcnmP/BaKIkPcCZXLljNQuN7o5A9uhCXUgNme0CwuuXLAIrjZ1x1RfgcjpqMCQ3sNFy5NHYstELEmhz5Cd+0t/6j91Tu8dly5DNRrnwtqpZ+G3QyOu2CocyPqGkB1vmSieXVoK5coyOmGgO47AOESfNZafE71XLk8CfKP0kjmvy6EONiCpAYIaiSNmjQLgLlyoiLHYz3rpcpJiN+lly5azCgvz6uTo1afJeLkiHPdRYg2Kc+0y9R8guXIA//2Q==','can'),(2,'Product 2',29.99,_binary 'data:image/jpeg;base64,/9j/4AAQSkZJRgABAQAAAQABAAD/2wCEAAoHCBYVFRgVFRYYGBgZGhgaGhwaHBgYGBgaGhgaGRgYGRgcIS4lHB4rHxgYJjgmKy8xNTU1GiQ7QDs0Py40NTEBDAwMEA8QHhISHzQrJCU0NDQ0MTQ0NDQ0NDQ0NDQ0NDQ0NDQ0NDQ0NDQ0NDQ0NDQ0NDQ0NDQ0NDQ0NDQ0NDQ0NP/AABEIALcBEwMBIgACEQEDEQH/xAAcAAACAgMBAQAAAAAAAAAAAAAEBQMGAAIHAQj/xAA7EAACAQMDAgQEBAQEBgMAAAABAhEAAwQFEiExQQYiUWETMnGBFFKRoUJiscEHI3LwFYKS0eHxJDTC/8QAGQEAAwEBAQAAAAAAAAAAAAAAAAECAwQF/8QAJhEAAgICAgEDBAMAAAAAAAAAAAECESExAxJBBCJRMmFxkRNCsf/aAAwDAQACEQMRAD8ANbIAFKsm4WNSKpaireIK8lLBzgmPbJppYxo5qazYAqd2ApjSIn4FDpakzUtx5r1boUUDJ1ECluo3+IFb3c4dKGndQhiR1fdJJppgZjL1ra5jzUfwYqgsseMz3Ed16IJb6e36Gl4yiDNPPD1rbhX3/MLkfRUI/qTVMvP71Uo0k/kXYfpqQ9aB1DMDUkN81pevmpoHIIR5amCJSXHu81YMTzCpaJRHsr1TRDWjWhsmjqXR4lyKPsOTQYT1o/GiqSGiaDWrXCKka6IoO9kCmxk65detlcUnvZEVEcqo7E2GZGXFQ29Qg9aW3rhImlV/IIMGl1sTkXa1qw9anGrD1rngyiOhrf8AHt61okxqR0vF1IHvTnGyQe9cnwdTYESatmlarPeqjJrZSkXlXrcGlWLlg0xRprpjKyrJga9qMVuDVBZ7WVk1lFBZzbFRYre/cVardjViDxU7ZW7mvPUWY0O7GXNbvd9aT2L0Vu1wnpToAy9kAc0kzdSIMCmP4ctWh0oHk0KvIC3GvkmTTS1dr1cJVqK64XpVXZQV8WtUl2CKJZiFA9STAFLmyqsfgfDW/eLNu8gV1I4G4MCJP9qcYuToTRdsLA2Yy2TwdhDf6mB3fuTXKchGRijghlMEHqDXZmMz9K5L4xRbeSwVyxYb2mPKWJhePYCtuaNVRKF6pQmU8VMlzil+ceaxSGZivLVa8BuKqWHw1WLGyYFJrI6G++t0elX4qpbeRJgdaC7GZINYHimum6YERruQpAAMIZnjuf7UkvDqVBA7A+naiXt2S2R37xnivFUkVGq0aFgVFk9hLnPtoJLhPSmmZZB61HjY3elQqNcK3Plbr2obV9NMSKOukIwamyKLiVSKObngxUyLTXWdMKEsBSxDWidiNlWiMfLZDND769Y0DLvoeqbo5q5Yd+RXKtPc22FXvR82QOaqEqZaZaAa2Boe1dBFShq6kx2SVlazWU6CzgVqmmIvFKFO00zxcgCuFmYw28V4rhetbpcDCKhzMfiRU0IMGoKK8bVBVYcMD3orGtz1quqHQ1fUZ7UNdvTWrKBUTOKEkI8dprrHgnD+FirDBhc/zOkbSwAKzPMbetctW2ByRMcx6+1dm0s2jaU2AotsNyheg3cmB25mR6zW/BV2KTwEMw59o/8AVcu/xHsv8VHKgLyCw2yWMHaQOYAHf3rpzvw0dZAH1gf7+1c88fqh2QzEgkAGNp/O0RPoOtPlegRT7T8UNktWzcUDk3jWKQyZb0UZbyaSLdplpOM9+4lq2NzuYAmB0kknsAAT9qrqNDbC3XGVFEs5CqPUmuh6B4fWwpfICtcDjaQSVUCII9zM8+1DeF9JXHsIz21/EG6QWPLJ52QBWHbbzxwd1N3yU8zMfIrsxPXc427VjvESft60Yj+QuyLxDlRah1PmYdOAIMqI70kS3IpF4k1HfeG0OIPO48n7dh7U7wbgKiuXml5EwO+QpqB8ztWau8Gq9cyeazg+xmtjh7hbmprd2BUGAwajMixxxWqNBVqN/imWg5cgCgjhbjzRmNjfDq7AaaljB16VQc/HKOfSuhY90MIpL4h08RNP7gUzdTG3iNwT7UHi2puBT61fUwl2AxVNjKvnoQsjtRWhattO0mml3DDqRVP1Kw1t5FEc4EdOxdVHrTTHzwe9cnxtUMdeadaVrDboJqu7iVZ0r8UKyqqNS96yq/mHZzjOTvQyXyKmd93FH42jFl461NpLJJBh5RkVe8Xw1edAym247hHVj9OOJ+9VexoRMQKuXhmw2OQwn0Yeo71NxbyJtFb1TTdkyNsdQeCPYikw8tdn1fSbOUvnHO3ysJBWeQfQ/Q+prlWvaFfx/nWFJYKwghtp6+0jkA9qt8Tj90NNCtr1GafgFzuI4oLTsN3fkcVfcPCCJWcnWEJsQJaa3ctlULuHVlVRLNtO7aB34BrrC3gwDAESJhgVP3U8g1yS7k3WzbC4+03A+5Ax2qdqlmBJ6AqGFdRybxCjcNsjpIMH0kcH/wAVtw3GLYma2bm5XniXIPTgALP+/U1UPHLH4QYW/LK+faPKJ4JbrLH+vvVg025utEt0+I8+8QAOO39YjvVU/wAQUu/C3AqEBDOpY7+WCooXbHBMnn+lJu0gRSHfigby1sr17FGiwMpFdM8I6Tbxlxsku3xbiMSvBXbc2sgA6htkc/zGlnhPBfGum7ct7S9hjbkA7t+3kDnnaOQRMNyOaYtnALYICqFZgFWYAVyogdAAoAjtFKU6RMmOsa6WFtUgsbzEdYEbSfsIJP8ApNb6lf2IEUhVSfMfmZifM0DvM9Bx0ms0G2y2VuuPO6nYODtRju3HsCxPU8RHrFI/EFztLM0iYjaOPQiT06mPYd6zaqP5EKWs75edxYzPWibGVt4rLPAoO/1rCceyEz3PyN1KGXmjWag7t0A0oQoVDbCcAcmjxnKOJqpXMyO9CHPaa3jBlJF6tZa0Pm5gA4NVjGynJ701FkuvvQ41sY00zNk0x1m1vtyD0FVQK6HirDpmZvXa3ek1aAremoDcE9QavBUlOPSqRq2PscleKf6LrMpsfrSUvDEmE4WT5ipoHVsAOa8vvscuvM14mYzmIocqC6EuVihKK0yxPIpoul/EMtNMreGtpelVtABfh29aytbmfBPFe0qCyupp5VojoavejYUqOKHz9PAeYp/pagLRJ+WJs8s4QB6UQ9oBYFbm4BUbXJqVJN0Kxlp2XuWNqiOwKyB2O0dBW+djW7y7Lqq6jnafXoD+jGkbAId0EjvBAj3JP9v6UwGQpEKxkDgHhoPaft7dq648lxplKhLZ8Piy3TyydvMmJ4n3iK21W4EQj2pwuUrFpEgbeOkHkH9INVfxUzIkkEBpie//AG7VlJLaBlL0e01/PthLotMGJRypeGUFgu0MJmCOo611XULsISzBlI6jgA/STH61zLwzpoa+r3A+2ZG1tjBv4W3doNX/AFF9qOygsACHVjzPeY9+vHU1XZdaQMl0N/8A46fxEu5Hudxg/aCfaJ7Ui8cWVa1DO0ggwICO89OeSAJ6f3pp4fuTioVgS1zk9hvbcT+nTuSO01XPGWYrAIo8xMKSW3ABjubbMcmeYpf1QFJXGPYcUw0rTReFwM4TZbLAkEgtPCn0EbueYjoat+laEDaBI7UquraR9iBkJWHMkh2Cvz18nzAce1T2CwjNyyzIZEOjgjcGU8OikRPYChfDeG2Vet25OxBvuET03s8T6sTHr1PakuZlNtQJJbzqAOSSSQI/6v3rpWiYK4OKquQLjw1wjlmcjhAenlEDvzPHM0RjbtkoL1e+AYZgAOir1PYDjp6QJMelU3Jvh3O0EKO8ys/yiT9zTLP1JlJCIU3D+JXDN14YnmJ7MR7Ck9u0/VoJ7wIH0A9KU5WygtLfFBZVkijEux1ofKuyKzbATXGiluQ0misu71pc1wTWkQRE61tYQTXrNQxuEGtUVRYMVlFMPxQA4NVNchvWtmuMe9S4WFDu/qa9DW+NqMf2NVp7bH1qexZcdAaOiFRY714P161A6beRQdu4R8wp5ilWAmufkh5JlGz3DveWDySKNwcI7tx6UqysoIeKIs6uWETFTGN5EkWtcu3bHJFeHPtPwTH7VULt7nrW1q8TW2ShledNxietZWiuPSsqcgW28Q1SBtq8UnuOymaMx7gZea5J8zSozsy/lQR71LjXZqF7A9ahsuA0T0qOKfZ0Gg/OukLIMHt7e9QYN66UhmVuZAJBJ9+Zj9QfSpbi7xQj4aJ52LKOASsx7Ex0+vvyD0rvjjRSDcif4fKTt3A7pjkAgH13e/as1XFXIUsxICu0CAZMA8+g5mh0dVYFbpYA8q0wfYxx39FqVGAZLYkodxmeCGDenssVa+Cj3H08WlJCqWA4B6Ghs9zslSA6ryBJVl5Pl7wOkenYV7qWqMkuPlU9YG0HmF9OkGPel2blJcteVgGILI6hQCTJKmBAaZ+49DR9gGGhkfhLZfhfOYEwRvb9vf7d+AtZtvcdFKsEJkyRAI+VQszwIniAePqT4euTjWjEtLwB0J+I8fT1j+w5nxrG69uJUwOeZPrJEeUeg6wJPJNN6BjFwbWPIieFEiR5iF/vXNNXzBvVxAPxCW5n8nHSY+/WY9rj4t1BrYgN5fJK8RySQee4KE9j09K59iYz5OQthSQC7Fjydqj5mP2n7kUn8fAix/4e6QGc5t75Lc/DB7tzuf6L9ev0pzr2sPO5AF44d2AO30XuFj8oA9SeaM1S4liytq0EVEAALyEEdCqiS7d93STwwNc/ychbzlC7OSSSY2z6wATx7tPXtVPCr9gF2L5d97OY67QQATzyYmYn1NMvxa0jsacT5UEKKGuWLgcIhM/sB61k49nsCwnKFQX34pffcIQvVuKmtOz+VVLGOijcf2rJxdgJc88mlxmasT6XdcBhbchjCmDyfahbui3lJBsv5evlJj9K6o0kNCt34oRm5o7JxnT5kYfUEf1pY1axRYxwLBdoHT1q1YWkIAJ5NVDDzNlMsHVndwJgVElJiZbBpiDmBUGQ9teOKOtWyyTPaq5noQ9ZLIj1rIdxHrTRMbYKgwEmKPzElamTATZFkNNQYoExUlu0+7npXtzG2GacWtCR7kkDpzQ6Z+w8itzf9agybQbpVRS8jDf+LrXlK/8AhzVlV1iPB0m9noagQbj5WilufYMSKVLqDpwK8+XBJ5TMaL9ZwyV6zQlzE5g0h0nxI5O1hVht5QerjGMFrIIKsoFHWtjlqKX5IelWUWA6mrU5MLHWNeDkothCFnzBYUT/ADAeQn3I+tbZBO0psZGhjbkzJjlVPeR3k8xVUxrrlwAxAkT1I+pHerEzqU8lxgQQDuRtk9gJJK9uCWNbp2slpg1//Nt7Jj4YQsSN8MWLkbf4jIiDA60sbLR7BFwAbmPmG1dj9pCgAAgde8HuKNuFgyFY2vcBuEQYZZMwPUbmoXMZAhPwxsIKnoWiQd26Bz04p2A08POfw1tQe7gnuAHfcY/r69O9MMHIRQzEhQ0ieir5ZA3N8w6c9yZ9Yr+lXimMgBG3cwY9QU+I3lB9/wCw9DUOt6inwSh+dTJWNvBXgqs/KDAjjpwCKEwYl8QagPOnPVDBmZIJIjtEgcelWnwxgjBxjeuQl255iSAWRTyiAcc9zz1I6xVf8H6Scm/8e4JtWtpPHDuFBVekfzH9O9WDXdU84VSqseByC/JjiDAnjjcOvSaaVZGhLrWc12QiM79t5lzP8W3ywP5oHuaI0rRCYlYJA3QS0nvLHkisstbw1+PevNea4xRUQhwpQ+ckk9VPB6RIEGagwsy/c2NdbYRcJQLAEiGLN/KgmPvNDTEyz/gkClEI3CAx7LPqf9xS61pyIjNu3u52qwHE7ivA7xE/7NRf8RUbmBI3cIeTstgkM8fmZpAHUkH1ovGwsm4Q4T4SABUN0lNq922wWLHpMR1pJfCAxdMxt4lFKpJLH5rjmdoZj1Ecx0HH0o9ssTCLDsOdincqDosAT36dt31oZ8W1bA3ObxHYEW0meTE7iZHWfaI4oXO1EKNo/wAtTztZFCnrBJUD9YpPADC7kMASx28QIlio78LwD9T/AFpPleIEThPOeg8x4+q8R96rWTqDufIuw9dyluf3oUYj7txkknk9zSS+RosNzUbr91PtEj96r+racHO4IEPfb8pPqB2pliFh1pmAGHIppuLwCZzbItFDzU+kXIcVatS0oNMCq8+nMjBgK3U1JUUpJo6Jpzyn2pBqqeaaL0bK8kGh9TQu0CsFsk904luFqwW8YKstQWlY621k9ag1LUieBSdAR5l4b4WsewWXmh9IXe/PNWm9jBUJ9qKApr2wDTHEa2eDFLMu8NxpfevEdDVJWVRdvgWvUVlUX8c/5jXtPqHUva3Q60my8Yk8VrhZUcU7061vb1rPRkKEwig3EUZpmUzOqoCSSAAP059B707zrVvhXfYgEserQOyjuxmP37VmJ4wxccbLGO6r3byhm92JMk/U0RhGT9zoaRZbOluQA8L6mQ0fWhMrw4W3Qyj0kGD6/Tt69ahs+M8Z1BO5WP8AD55n0G2ZNNVy0YDax57JL8/of2roXHxPX+jpFXu6A9td8AjmQDLCDEkdx9JobJuNbJBQBhwdyyQO4E8c1Z8i5cE7WVvQNCn6cEz99tKsrOgj4qFDyAxggEx5dwlSD7GolFLQUJvLDSpRXEEgEAE/KxU/LBPUcESBNQXbm201pwSFUb9oEoxhd7EmYAISAP45kRRmRYQy6HbMySSCIjg+468dQRx6Ao5YhgR5yltysDfbMsvUHbICiY/hHrzAA2nJttWlLABXc9yGeWKmACSOCft78qL+7JupasmS/EwRt8oBL8doYn/zRWJlbEts5O1BeKr/ABSHBYexEAc+sUf4dsjFstfuLBcEhm3AInYQBMtE/oDQth5G+e1vGsLj2iSEHJWAZPLO7ngE+4qi6jlk3iltAwKNJI3FXZZ3DdPKx6xyfQVJqmtNmL8BVZQ7zGwb3iIAVQTG6Ttk8qPtY/D/AIFuCWvubFtoG3hrzKDIECVSYXrJ6iBWyQ9FZ0zECoqIC7sWZVALEA7VhFAMsxXmOyir7h+FXeXyGKKQQEUbn2kyZiQpaJMzMmR2ptb/AA+IhFlNnHmfYzO3+tyZP06eg6VXNU8VoX2B0aSASXdAJ5DS8L9evvSaSecsY/F3Hxx/lIiMFgPcVt/ECAxBIHA4EClmp653YhpmCjwftJ//ADVLueIbl2UDOvMcPuXg/wAJAHHX9qb6XgiS5kswEyeP06VMpPQqJMnUXddoQuG6OdoeDxO6ZMc0GunR8zb/AEBHTqe8nvTa9ag0JkXIrMCCzZUdqOVUpbuJ6VDfdh0ooVjc2k7EViwKq+TmutRWtYbvVdWBcVANQ5OCpFKsPPZ6apcMcmp0AHYtbeBRaWwBJ61EbgmsuZAipchkWXlRwKAyF8tRO5Lc1rk3+KbQUHeHmAugE8Vb/ET7LBI9K5vhZRVw3oZq6+J8ndjL7gVVUgRRg8mTUjW1PrUQt1FcMVSQwn8H71lBfi2/MayrpgObDksAByauulAWlE/MaX6PpQWbj9ulb49wu5JP0+nasJMg01u9uJNU978MZq55OKgB3v196FwNLxXf833mkgANPyFI+WftTbGyk54dD03KIYDuASOJp+bONYWSoAj2qBNewyYDL+1Uo0ACuUUICIbpMc3CpC9eikjnpz9IjmnWNqgIjeXIHn2wlpOOQxAJgdOvP9Y01HGY8Ff2oxLtsjykH96pSoLAb6WLqyJQyPOhKiRMKEO6e89JpVcwGUiHDrDAbfnUSCrbOWkET3HA6VZVAMyxAHoCTz6cED71peyUWV5B7KDsHXqxTme8TEdZJgH1K3gadlOydPQs4YfO4Z45GyfiEL/rd0UeoBjpXmRpLu2+/d+Eq9LRZd5LCPOG4VjPzNyDwF710DSbKvaS4xVmcAow6KGmEXb2AgEg8nca1vYoSdyPt/Mjux56lkYkgdIILe8RVw4pJW2Oq0VrSr6WZt2LS2LkfNcO93HO6XHyR+U7RzwKlOW7hxd+IzL0hHXdP5VIlgOOY7n602vIgIUZFxT0AbY0H8oIUR09f4fagb+nvP8A9kEdgUZAD/Mwdif0H6cU5Rk8WFFL1W3futtS2VCKT0fcRPWWnnzDge3FVrN0bJZgSjmenBJ/3z+9dRbGvDq1pyOkNBUdPKrhVHp+vI6ULdv315e1c7nygXG+vxFlUHHQDt070k+o1g5/gYjoYZYIMH1Bq66a/lFQ3dRQkh1APPkWdxnuWPTse/vFeW89FIECSflQ7zH24n6E9Pepk7diYRnPAJqr52oQYq0XXtuILhftPTrFUnWsUG6VtsWX1iKUabyCG+DkTTK1a3Gk+k4LcTNWvExoE0mk2JoDu6QrDpSt9CAMxxVtS4BQOpXwBxSyhie3iqgofN1RVHWgc7USTsWl9/BYjc1Ul8hRvd1eTwaKxswtwaQPag0ZhkinKCoGqHF4cTSu9fI60ezytLchZNTFfII1S7Vh1XPDqqg9IH6Cq/bSaLW3FXJIZ654pdksaaCKHyLINCwAo3VlE/CrKux2dY1W8qJHQAVTbWsBXP1oXWddN2Qp4quXrhmojx3slRL02Yt4QOtPtE00IJIqr+DNPLEMx4q/tcVRC/rUNJOhaKx45vEWiBXPdN0jIuHyI31IgVffE2e4IVF3MTAHUk+gA6mmXh3w7qN0BrrJjW/cbrrD2Tov/MZ9q14+ztJFK6wItN8IOBuuPt9gat2m6QVHkVm9wDH/AFHj96tum6NZsjgM7d2c7m+3ZfsBU2dqdu2CWYCKb4VVzdDjxym6WWUrKuXFu/CA88qApIgMwDAkjrCndPaoNbsNYtO7MGfaEWPzNCLA+pn7UYMfIu5F7It2iVYD4ZcqgIKICyhjJ+WAY7mqV4tzsi0iLfQo5dmAJBHkEJDKSDyzmJ7CueSv2pP7G8fTx65ebqi3Wsw27NrHQnciIoIHy7EEuY6cj9xTTRdeR0CM0ugVWPeR5d0n1j96o3hTUEZ7r3DJabamZABILGe5ML+nvSzMe7jXuDwSD6hlmatSkpb8HNK1KjpWq2QybZ8h5hSEBMluoWRzJPI5/Wq/cyXR1YnyboB3K8iPlMdZHPt/WKxre4bZEEncOSIaSvPse/HWhr7oy74BXngqDtPozLDA8df/AFTcryFWGC+5LD5hBZCDEMOyg9JH8JMT39Fz6uUUM0oCzKxAI2MI8yz9RK/X04Bs5pRtrEH3BkEUVcylcQ0EHseR+lICK/rjGQx3KDDKwDj03pu4jgyD0g/YDJ1BD5diSeRsJRWHqFU7Q3bkf+Tmw0ckwJIgnv1n+vehU0VNyyp8pBBk9jMH1FNUMUX8wdUciexAn6bweencCs0/NUuFfg9j6n0p9leF7LBmUssj5QRtVpB3LIn2jpzxFVfI06H2qT9/Wq9rQ8Mv2BtgRR75IHlqq6RluilLghgJDdnX1n1FCZWtw8Cs1F6JSLg0np0qHJxtymleDqjEUys5cjmk8AIk0uH3Go9Zuqi06y8gBTFUjWMku1OPuY1kGDyZoiyYrMGxuHSpbybe1asGbXbvFL3vEmiTbL9K3tYMdaSpIFRtjIetEuDFE2rYArHIHXpUKVgLmLCo3vkUye4kUvuIpPWrWQQN8YV7RP4VayqwULwDTrSvDrv57vkQevU030zSktjfcEkcxQozrmVkLbAO0EBUXufpS7t/ST2vRbtKRVQBFgdB6mrTp/h9mE3SVB/hHzfc9qK8O6ELKqzwXjgdl/7n3ptl3wgJMxVw4kl2mOMG2l5ZBiaXYsmUtqG/MeW/6jzW2VkgKeeear2b4nWSg4I/Uiqzn+JyCRJqZ88Uqijv4vRSbTl+hnkeLtrMjSGUx9fQ0D4f352Xufm1ah2nozH5F9+QT/y1RvEWeHIuLw4EH+Ye9db8B6WbGGm4Q9z/ADHnqGYAhT/pWB9jWcIOck3o6eZrig6w2P8AIuQDAmuc+MrbMrK43I0yDyQYJUj0PBg9orpF2FHNcy8V5W93P8CI30LN5VX9Czf8vvWvPFYfk4+KqwsFU8P/AAduxyw2HmIlj6z2ptnHDfja6GIDB3JH2YkH9KpmJl7WcepB/atb+USazcG3ZS4o7aGl5blt9ituHZl4DLPH0PHSmSWbxQMgZ2DeZB12sBzHfkGfSQexhVpd5yJ7AmmWNrBRwR2oSrBxTSjJpCoZoYg8Qeh6H7xUpduxrbXsPeTfRQvMsFED3MDv3oWzfZfK4qlTWBYY2wMpgasWPcDDmqxj5C0aMwqOKiSJY/vuAhiq1eQb5rZ9SPrS+/lmeKEmNG+o5x+UUNg6cXO5qIxsAudxo69fW2Ip3WEDJHVba9aXZWsgcA0Bn5+/gGlLrNVGC8jUR6uqF+9B5SzzQON5TTBXkUOKi8A8BWETtAHH/ei2sSOeaExuO/2oq7lQOKiTdiJlRUFaI240pbJZ22zVgw7O1ZNTTWxUDEkGpL+PKSKWZ+XD8U2068HWKdNZHRXr25TUDXj2p7qmGeoFI7iR2rWLTRSZF+IesrzeK9q6GdDK7+BzJCgepPA61e/B3hFMMG40Pffq3ZB+RP7nv9KysqPTpWzOJad1LtQvjaR2PWsrK25W+p1elSclZyTxTcIuMp4ZTIYeh6cVVMnOMSaysrkglZ7TbURh4J0o5uXbttHw1/zLnuiESsd5JVfoTX0Gqx0rKyuzjSo8P1vJLvRFlQVIaQP1rln+INxUQJbEKSSSepPqaysrPm2b+lS6nLUPmJpxpeiveAbovrIlo6x6fesrKjkbSwHLJqOC5YOm29gUCIFV7WNNNt+vB6VlZWEG7PPWybTc0Lw3IqbULlhhugg/SsrKvyMUW4ny9Pet8jJAFZWVfkpCq5mebimum2t3NZWU5YQ2PHYIlU7UsxmYisrKXHsEChTUbEisrK1Q0E49knk9KKDbaysrGTZDJEyOa2v3OOKysp0Mk0XG3NuNP9SfakVlZUS+oCiZd3c1NNHztpArKyuhpdSnouMi4s1W9YxIBisrKwjslbK9srKysrcs/9k=','Description for Product 2'),(3,'Product 3',39.99,_binary 'data:image/jpeg;base64,/9j/4AAQSkZJRgABAQAAAQABAAD/2wCEAAoHCBYVFRgVFRYYGBgZGhgaGhwaHBgYGBgaGhgaGRgYGRgcIS4lHB4rHxgYJjgmKy8xNTU1GiQ7QDs0Py40NTEBDAwMEA8QHhISHzQrJCU0NDQ0MTQ0NDQ0NDQ0NDQ0NDQ0NDQ0NDQ0NDQ0NDQ0NDQ0NDQ0NDQ0NDQ0NDQ0NDQ0NP/AABEIALcBEwMBIgACEQEDEQH/xAAcAAACAgMBAQAAAAAAAAAAAAAEBQMGAAIHAQj/xAA7EAACAQMDAgQEBAQEBgMAAAABAhEAAwQFEiExQQYiUWETMnGBFFKRoUJiscEHI3LwFYKS0eHxJDTC/8QAGQEAAwEBAQAAAAAAAAAAAAAAAAECAwQF/8QAJhEAAgICAgEDBAMAAAAAAAAAAAECESExAxJBBCJRMmFxkRNCsf/aAAwDAQACEQMRAD8ANbIAFKsm4WNSKpaireIK8lLBzgmPbJppYxo5qazYAqd2ApjSIn4FDpakzUtx5r1boUUDJ1ECluo3+IFb3c4dKGndQhiR1fdJJppgZjL1ra5jzUfwYqgsseMz3Ed16IJb6e36Gl4yiDNPPD1rbhX3/MLkfRUI/qTVMvP71Uo0k/kXYfpqQ9aB1DMDUkN81pevmpoHIIR5amCJSXHu81YMTzCpaJRHsr1TRDWjWhsmjqXR4lyKPsOTQYT1o/GiqSGiaDWrXCKka6IoO9kCmxk65detlcUnvZEVEcqo7E2GZGXFQ29Qg9aW3rhImlV/IIMGl1sTkXa1qw9anGrD1rngyiOhrf8AHt61okxqR0vF1IHvTnGyQe9cnwdTYESatmlarPeqjJrZSkXlXrcGlWLlg0xRprpjKyrJga9qMVuDVBZ7WVk1lFBZzbFRYre/cVardjViDxU7ZW7mvPUWY0O7GXNbvd9aT2L0Vu1wnpToAy9kAc0kzdSIMCmP4ctWh0oHk0KvIC3GvkmTTS1dr1cJVqK64XpVXZQV8WtUl2CKJZiFA9STAFLmyqsfgfDW/eLNu8gV1I4G4MCJP9qcYuToTRdsLA2Yy2TwdhDf6mB3fuTXKchGRijghlMEHqDXZmMz9K5L4xRbeSwVyxYb2mPKWJhePYCtuaNVRKF6pQmU8VMlzil+ceaxSGZivLVa8BuKqWHw1WLGyYFJrI6G++t0elX4qpbeRJgdaC7GZINYHimum6YERruQpAAMIZnjuf7UkvDqVBA7A+naiXt2S2R37xnivFUkVGq0aFgVFk9hLnPtoJLhPSmmZZB61HjY3elQqNcK3Plbr2obV9NMSKOukIwamyKLiVSKObngxUyLTXWdMKEsBSxDWidiNlWiMfLZDND769Y0DLvoeqbo5q5Yd+RXKtPc22FXvR82QOaqEqZaZaAa2Boe1dBFShq6kx2SVlazWU6CzgVqmmIvFKFO00zxcgCuFmYw28V4rhetbpcDCKhzMfiRU0IMGoKK8bVBVYcMD3orGtz1quqHQ1fUZ7UNdvTWrKBUTOKEkI8dprrHgnD+FirDBhc/zOkbSwAKzPMbetctW2ByRMcx6+1dm0s2jaU2AotsNyheg3cmB25mR6zW/BV2KTwEMw59o/8AVcu/xHsv8VHKgLyCw2yWMHaQOYAHf3rpzvw0dZAH1gf7+1c88fqh2QzEgkAGNp/O0RPoOtPlegRT7T8UNktWzcUDk3jWKQyZb0UZbyaSLdplpOM9+4lq2NzuYAmB0kknsAAT9qrqNDbC3XGVFEs5CqPUmuh6B4fWwpfICtcDjaQSVUCII9zM8+1DeF9JXHsIz21/EG6QWPLJ52QBWHbbzxwd1N3yU8zMfIrsxPXc427VjvESft60Yj+QuyLxDlRah1PmYdOAIMqI70kS3IpF4k1HfeG0OIPO48n7dh7U7wbgKiuXml5EwO+QpqB8ztWau8Gq9cyeazg+xmtjh7hbmprd2BUGAwajMixxxWqNBVqN/imWg5cgCgjhbjzRmNjfDq7AaaljB16VQc/HKOfSuhY90MIpL4h08RNP7gUzdTG3iNwT7UHi2puBT61fUwl2AxVNjKvnoQsjtRWhattO0mml3DDqRVP1Kw1t5FEc4EdOxdVHrTTHzwe9cnxtUMdeadaVrDboJqu7iVZ0r8UKyqqNS96yq/mHZzjOTvQyXyKmd93FH42jFl461NpLJJBh5RkVe8Xw1edAym247hHVj9OOJ+9VexoRMQKuXhmw2OQwn0Yeo71NxbyJtFb1TTdkyNsdQeCPYikw8tdn1fSbOUvnHO3ysJBWeQfQ/Q+prlWvaFfx/nWFJYKwghtp6+0jkA9qt8Tj90NNCtr1GafgFzuI4oLTsN3fkcVfcPCCJWcnWEJsQJaa3ctlULuHVlVRLNtO7aB34BrrC3gwDAESJhgVP3U8g1yS7k3WzbC4+03A+5Ax2qdqlmBJ6AqGFdRybxCjcNsjpIMH0kcH/wAVtw3GLYma2bm5XniXIPTgALP+/U1UPHLH4QYW/LK+faPKJ4JbrLH+vvVg025utEt0+I8+8QAOO39YjvVU/wAQUu/C3AqEBDOpY7+WCooXbHBMnn+lJu0gRSHfigby1sr17FGiwMpFdM8I6Tbxlxsku3xbiMSvBXbc2sgA6htkc/zGlnhPBfGum7ct7S9hjbkA7t+3kDnnaOQRMNyOaYtnALYICqFZgFWYAVyogdAAoAjtFKU6RMmOsa6WFtUgsbzEdYEbSfsIJP8ApNb6lf2IEUhVSfMfmZifM0DvM9Bx0ms0G2y2VuuPO6nYODtRju3HsCxPU8RHrFI/EFztLM0iYjaOPQiT06mPYd6zaqP5EKWs75edxYzPWibGVt4rLPAoO/1rCceyEz3PyN1KGXmjWag7t0A0oQoVDbCcAcmjxnKOJqpXMyO9CHPaa3jBlJF6tZa0Pm5gA4NVjGynJ701FkuvvQ41sY00zNk0x1m1vtyD0FVQK6HirDpmZvXa3ek1aAremoDcE9QavBUlOPSqRq2PscleKf6LrMpsfrSUvDEmE4WT5ipoHVsAOa8vvscuvM14mYzmIocqC6EuVihKK0yxPIpoul/EMtNMreGtpelVtABfh29aytbmfBPFe0qCyupp5VojoavejYUqOKHz9PAeYp/pagLRJ+WJs8s4QB6UQ9oBYFbm4BUbXJqVJN0Kxlp2XuWNqiOwKyB2O0dBW+djW7y7Lqq6jnafXoD+jGkbAId0EjvBAj3JP9v6UwGQpEKxkDgHhoPaft7dq648lxplKhLZ8Piy3TyydvMmJ4n3iK21W4EQj2pwuUrFpEgbeOkHkH9INVfxUzIkkEBpie//AG7VlJLaBlL0e01/PthLotMGJRypeGUFgu0MJmCOo611XULsISzBlI6jgA/STH61zLwzpoa+r3A+2ZG1tjBv4W3doNX/AFF9qOygsACHVjzPeY9+vHU1XZdaQMl0N/8A46fxEu5Hudxg/aCfaJ7Ui8cWVa1DO0ggwICO89OeSAJ6f3pp4fuTioVgS1zk9hvbcT+nTuSO01XPGWYrAIo8xMKSW3ABjubbMcmeYpf1QFJXGPYcUw0rTReFwM4TZbLAkEgtPCn0EbueYjoat+laEDaBI7UquraR9iBkJWHMkh2Cvz18nzAce1T2CwjNyyzIZEOjgjcGU8OikRPYChfDeG2Vet25OxBvuET03s8T6sTHr1PakuZlNtQJJbzqAOSSSQI/6v3rpWiYK4OKquQLjw1wjlmcjhAenlEDvzPHM0RjbtkoL1e+AYZgAOir1PYDjp6QJMelU3Jvh3O0EKO8ys/yiT9zTLP1JlJCIU3D+JXDN14YnmJ7MR7Ck9u0/VoJ7wIH0A9KU5WygtLfFBZVkijEux1ofKuyKzbATXGiluQ0misu71pc1wTWkQRE61tYQTXrNQxuEGtUVRYMVlFMPxQA4NVNchvWtmuMe9S4WFDu/qa9DW+NqMf2NVp7bH1qexZcdAaOiFRY714P161A6beRQdu4R8wp5ilWAmufkh5JlGz3DveWDySKNwcI7tx6UqysoIeKIs6uWETFTGN5EkWtcu3bHJFeHPtPwTH7VULt7nrW1q8TW2ShledNxietZWiuPSsqcgW28Q1SBtq8UnuOymaMx7gZea5J8zSozsy/lQR71LjXZqF7A9ahsuA0T0qOKfZ0Gg/OukLIMHt7e9QYN66UhmVuZAJBJ9+Zj9QfSpbi7xQj4aJ52LKOASsx7Ex0+vvyD0rvjjRSDcif4fKTt3A7pjkAgH13e/as1XFXIUsxICu0CAZMA8+g5mh0dVYFbpYA8q0wfYxx39FqVGAZLYkodxmeCGDenssVa+Cj3H08WlJCqWA4B6Ghs9zslSA6ryBJVl5Pl7wOkenYV7qWqMkuPlU9YG0HmF9OkGPel2blJcteVgGILI6hQCTJKmBAaZ+49DR9gGGhkfhLZfhfOYEwRvb9vf7d+AtZtvcdFKsEJkyRAI+VQszwIniAePqT4euTjWjEtLwB0J+I8fT1j+w5nxrG69uJUwOeZPrJEeUeg6wJPJNN6BjFwbWPIieFEiR5iF/vXNNXzBvVxAPxCW5n8nHSY+/WY9rj4t1BrYgN5fJK8RySQee4KE9j09K59iYz5OQthSQC7Fjydqj5mP2n7kUn8fAix/4e6QGc5t75Lc/DB7tzuf6L9ev0pzr2sPO5AF44d2AO30XuFj8oA9SeaM1S4liytq0EVEAALyEEdCqiS7d93STwwNc/ychbzlC7OSSSY2z6wATx7tPXtVPCr9gF2L5d97OY67QQATzyYmYn1NMvxa0jsacT5UEKKGuWLgcIhM/sB61k49nsCwnKFQX34pffcIQvVuKmtOz+VVLGOijcf2rJxdgJc88mlxmasT6XdcBhbchjCmDyfahbui3lJBsv5evlJj9K6o0kNCt34oRm5o7JxnT5kYfUEf1pY1axRYxwLBdoHT1q1YWkIAJ5NVDDzNlMsHVndwJgVElJiZbBpiDmBUGQ9teOKOtWyyTPaq5noQ9ZLIj1rIdxHrTRMbYKgwEmKPzElamTATZFkNNQYoExUlu0+7npXtzG2GacWtCR7kkDpzQ6Z+w8itzf9agybQbpVRS8jDf+LrXlK/8AhzVlV1iPB0m9noagQbj5WilufYMSKVLqDpwK8+XBJ5TMaL9ZwyV6zQlzE5g0h0nxI5O1hVht5QerjGMFrIIKsoFHWtjlqKX5IelWUWA6mrU5MLHWNeDkothCFnzBYUT/ADAeQn3I+tbZBO0psZGhjbkzJjlVPeR3k8xVUxrrlwAxAkT1I+pHerEzqU8lxgQQDuRtk9gJJK9uCWNbp2slpg1//Nt7Jj4YQsSN8MWLkbf4jIiDA60sbLR7BFwAbmPmG1dj9pCgAAgde8HuKNuFgyFY2vcBuEQYZZMwPUbmoXMZAhPwxsIKnoWiQd26Bz04p2A08POfw1tQe7gnuAHfcY/r69O9MMHIRQzEhQ0ieir5ZA3N8w6c9yZ9Yr+lXimMgBG3cwY9QU+I3lB9/wCw9DUOt6inwSh+dTJWNvBXgqs/KDAjjpwCKEwYl8QagPOnPVDBmZIJIjtEgcelWnwxgjBxjeuQl255iSAWRTyiAcc9zz1I6xVf8H6Scm/8e4JtWtpPHDuFBVekfzH9O9WDXdU84VSqseByC/JjiDAnjjcOvSaaVZGhLrWc12QiM79t5lzP8W3ywP5oHuaI0rRCYlYJA3QS0nvLHkisstbw1+PevNea4xRUQhwpQ+ckk9VPB6RIEGagwsy/c2NdbYRcJQLAEiGLN/KgmPvNDTEyz/gkClEI3CAx7LPqf9xS61pyIjNu3u52qwHE7ivA7xE/7NRf8RUbmBI3cIeTstgkM8fmZpAHUkH1ovGwsm4Q4T4SABUN0lNq922wWLHpMR1pJfCAxdMxt4lFKpJLH5rjmdoZj1Ecx0HH0o9ssTCLDsOdincqDosAT36dt31oZ8W1bA3ObxHYEW0meTE7iZHWfaI4oXO1EKNo/wAtTztZFCnrBJUD9YpPADC7kMASx28QIlio78LwD9T/AFpPleIEThPOeg8x4+q8R96rWTqDufIuw9dyluf3oUYj7txkknk9zSS+RosNzUbr91PtEj96r+racHO4IEPfb8pPqB2pliFh1pmAGHIppuLwCZzbItFDzU+kXIcVatS0oNMCq8+nMjBgK3U1JUUpJo6Jpzyn2pBqqeaaL0bK8kGh9TQu0CsFsk904luFqwW8YKstQWlY621k9ag1LUieBSdAR5l4b4WsewWXmh9IXe/PNWm9jBUJ9qKApr2wDTHEa2eDFLMu8NxpfevEdDVJWVRdvgWvUVlUX8c/5jXtPqHUva3Q60my8Yk8VrhZUcU7061vb1rPRkKEwig3EUZpmUzOqoCSSAAP059B707zrVvhXfYgEserQOyjuxmP37VmJ4wxccbLGO6r3byhm92JMk/U0RhGT9zoaRZbOluQA8L6mQ0fWhMrw4W3Qyj0kGD6/Tt69ahs+M8Z1BO5WP8AD55n0G2ZNNVy0YDax57JL8/of2roXHxPX+jpFXu6A9td8AjmQDLCDEkdx9JobJuNbJBQBhwdyyQO4E8c1Z8i5cE7WVvQNCn6cEz99tKsrOgj4qFDyAxggEx5dwlSD7GolFLQUJvLDSpRXEEgEAE/KxU/LBPUcESBNQXbm201pwSFUb9oEoxhd7EmYAISAP45kRRmRYQy6HbMySSCIjg+468dQRx6Ao5YhgR5yltysDfbMsvUHbICiY/hHrzAA2nJttWlLABXc9yGeWKmACSOCft78qL+7JupasmS/EwRt8oBL8doYn/zRWJlbEts5O1BeKr/ABSHBYexEAc+sUf4dsjFstfuLBcEhm3AInYQBMtE/oDQth5G+e1vGsLj2iSEHJWAZPLO7ngE+4qi6jlk3iltAwKNJI3FXZZ3DdPKx6xyfQVJqmtNmL8BVZQ7zGwb3iIAVQTG6Ttk8qPtY/D/AIFuCWvubFtoG3hrzKDIECVSYXrJ6iBWyQ9FZ0zECoqIC7sWZVALEA7VhFAMsxXmOyir7h+FXeXyGKKQQEUbn2kyZiQpaJMzMmR2ptb/AA+IhFlNnHmfYzO3+tyZP06eg6VXNU8VoX2B0aSASXdAJ5DS8L9evvSaSecsY/F3Hxx/lIiMFgPcVt/ECAxBIHA4EClmp653YhpmCjwftJ//ADVLueIbl2UDOvMcPuXg/wAJAHHX9qb6XgiS5kswEyeP06VMpPQqJMnUXddoQuG6OdoeDxO6ZMc0GunR8zb/AEBHTqe8nvTa9ag0JkXIrMCCzZUdqOVUpbuJ6VDfdh0ooVjc2k7EViwKq+TmutRWtYbvVdWBcVANQ5OCpFKsPPZ6apcMcmp0AHYtbeBRaWwBJ61EbgmsuZAipchkWXlRwKAyF8tRO5Lc1rk3+KbQUHeHmAugE8Vb/ET7LBI9K5vhZRVw3oZq6+J8ndjL7gVVUgRRg8mTUjW1PrUQt1FcMVSQwn8H71lBfi2/MayrpgObDksAByauulAWlE/MaX6PpQWbj9ulb49wu5JP0+nasJMg01u9uJNU978MZq55OKgB3v196FwNLxXf833mkgANPyFI+WftTbGyk54dD03KIYDuASOJp+bONYWSoAj2qBNewyYDL+1Uo0ACuUUICIbpMc3CpC9eikjnpz9IjmnWNqgIjeXIHn2wlpOOQxAJgdOvP9Y01HGY8Ff2oxLtsjykH96pSoLAb6WLqyJQyPOhKiRMKEO6e89JpVcwGUiHDrDAbfnUSCrbOWkET3HA6VZVAMyxAHoCTz6cED71peyUWV5B7KDsHXqxTme8TEdZJgH1K3gadlOydPQs4YfO4Z45GyfiEL/rd0UeoBjpXmRpLu2+/d+Eq9LRZd5LCPOG4VjPzNyDwF710DSbKvaS4xVmcAow6KGmEXb2AgEg8nca1vYoSdyPt/Mjux56lkYkgdIILe8RVw4pJW2Oq0VrSr6WZt2LS2LkfNcO93HO6XHyR+U7RzwKlOW7hxd+IzL0hHXdP5VIlgOOY7n602vIgIUZFxT0AbY0H8oIUR09f4fagb+nvP8A9kEdgUZAD/Mwdif0H6cU5Rk8WFFL1W3futtS2VCKT0fcRPWWnnzDge3FVrN0bJZgSjmenBJ/3z+9dRbGvDq1pyOkNBUdPKrhVHp+vI6ULdv315e1c7nygXG+vxFlUHHQDt070k+o1g5/gYjoYZYIMH1Bq66a/lFQ3dRQkh1APPkWdxnuWPTse/vFeW89FIECSflQ7zH24n6E9Pepk7diYRnPAJqr52oQYq0XXtuILhftPTrFUnWsUG6VtsWX1iKUabyCG+DkTTK1a3Gk+k4LcTNWvExoE0mk2JoDu6QrDpSt9CAMxxVtS4BQOpXwBxSyhie3iqgofN1RVHWgc7USTsWl9/BYjc1Ul8hRvd1eTwaKxswtwaQPag0ZhkinKCoGqHF4cTSu9fI60ezytLchZNTFfII1S7Vh1XPDqqg9IH6Cq/bSaLW3FXJIZ654pdksaaCKHyLINCwAo3VlE/CrKux2dY1W8qJHQAVTbWsBXP1oXWddN2Qp4quXrhmojx3slRL02Yt4QOtPtE00IJIqr+DNPLEMx4q/tcVRC/rUNJOhaKx45vEWiBXPdN0jIuHyI31IgVffE2e4IVF3MTAHUk+gA6mmXh3w7qN0BrrJjW/cbrrD2Tov/MZ9q14+ztJFK6wItN8IOBuuPt9gat2m6QVHkVm9wDH/AFHj96tum6NZsjgM7d2c7m+3ZfsBU2dqdu2CWYCKb4VVzdDjxym6WWUrKuXFu/CA88qApIgMwDAkjrCndPaoNbsNYtO7MGfaEWPzNCLA+pn7UYMfIu5F7It2iVYD4ZcqgIKICyhjJ+WAY7mqV4tzsi0iLfQo5dmAJBHkEJDKSDyzmJ7CueSv2pP7G8fTx65ebqi3Wsw27NrHQnciIoIHy7EEuY6cj9xTTRdeR0CM0ugVWPeR5d0n1j96o3hTUEZ7r3DJabamZABILGe5ML+nvSzMe7jXuDwSD6hlmatSkpb8HNK1KjpWq2QybZ8h5hSEBMluoWRzJPI5/Wq/cyXR1YnyboB3K8iPlMdZHPt/WKxre4bZEEncOSIaSvPse/HWhr7oy74BXngqDtPozLDA8df/AFTcryFWGC+5LD5hBZCDEMOyg9JH8JMT39Fz6uUUM0oCzKxAI2MI8yz9RK/X04Bs5pRtrEH3BkEUVcylcQ0EHseR+lICK/rjGQx3KDDKwDj03pu4jgyD0g/YDJ1BD5diSeRsJRWHqFU7Q3bkf+Tmw0ckwJIgnv1n+vehU0VNyyp8pBBk9jMH1FNUMUX8wdUciexAn6bweencCs0/NUuFfg9j6n0p9leF7LBmUssj5QRtVpB3LIn2jpzxFVfI06H2qT9/Wq9rQ8Mv2BtgRR75IHlqq6RluilLghgJDdnX1n1FCZWtw8Cs1F6JSLg0np0qHJxtymleDqjEUys5cjmk8AIk0uH3Go9Zuqi06y8gBTFUjWMku1OPuY1kGDyZoiyYrMGxuHSpbybe1asGbXbvFL3vEmiTbL9K3tYMdaSpIFRtjIetEuDFE2rYArHIHXpUKVgLmLCo3vkUye4kUvuIpPWrWQQN8YV7RP4VayqwULwDTrSvDrv57vkQevU030zSktjfcEkcxQozrmVkLbAO0EBUXufpS7t/ST2vRbtKRVQBFgdB6mrTp/h9mE3SVB/hHzfc9qK8O6ELKqzwXjgdl/7n3ptl3wgJMxVw4kl2mOMG2l5ZBiaXYsmUtqG/MeW/6jzW2VkgKeeear2b4nWSg4I/Uiqzn+JyCRJqZ88Uqijv4vRSbTl+hnkeLtrMjSGUx9fQ0D4f352Xufm1ah2nozH5F9+QT/y1RvEWeHIuLw4EH+Ye9db8B6WbGGm4Q9z/ADHnqGYAhT/pWB9jWcIOck3o6eZrig6w2P8AIuQDAmuc+MrbMrK43I0yDyQYJUj0PBg9orpF2FHNcy8V5W93P8CI30LN5VX9Czf8vvWvPFYfk4+KqwsFU8P/AAduxyw2HmIlj6z2ptnHDfja6GIDB3JH2YkH9KpmJl7WcepB/atb+USazcG3ZS4o7aGl5blt9ituHZl4DLPH0PHSmSWbxQMgZ2DeZB12sBzHfkGfSQexhVpd5yJ7AmmWNrBRwR2oSrBxTSjJpCoZoYg8Qeh6H7xUpduxrbXsPeTfRQvMsFED3MDv3oWzfZfK4qlTWBYY2wMpgasWPcDDmqxj5C0aMwqOKiSJY/vuAhiq1eQb5rZ9SPrS+/lmeKEmNG+o5x+UUNg6cXO5qIxsAudxo69fW2Ip3WEDJHVba9aXZWsgcA0Bn5+/gGlLrNVGC8jUR6uqF+9B5SzzQON5TTBXkUOKi8A8BWETtAHH/ei2sSOeaExuO/2oq7lQOKiTdiJlRUFaI240pbJZ22zVgw7O1ZNTTWxUDEkGpL+PKSKWZ+XD8U2068HWKdNZHRXr25TUDXj2p7qmGeoFI7iR2rWLTRSZF+IesrzeK9q6GdDK7+BzJCgepPA61e/B3hFMMG40Pffq3ZB+RP7nv9KysqPTpWzOJad1LtQvjaR2PWsrK25W+p1elSclZyTxTcIuMp4ZTIYeh6cVVMnOMSaysrkglZ7TbURh4J0o5uXbttHw1/zLnuiESsd5JVfoTX0Gqx0rKyuzjSo8P1vJLvRFlQVIaQP1rln+INxUQJbEKSSSepPqaysrPm2b+lS6nLUPmJpxpeiveAbovrIlo6x6fesrKjkbSwHLJqOC5YOm29gUCIFV7WNNNt+vB6VlZWEG7PPWybTc0Lw3IqbULlhhugg/SsrKvyMUW4ny9Pet8jJAFZWVfkpCq5mebimum2t3NZWU5YQ2PHYIlU7UsxmYisrKXHsEChTUbEisrK1Q0E49knk9KKDbaysrGTZDJEyOa2v3OOKysp0Mk0XG3NuNP9SfakVlZUS+oCiZd3c1NNHztpArKyuhpdSnouMi4s1W9YxIBisrKwjslbK9srKysrcs/9k=','Description for Product 3'),(4,'Product 4',49.99,_binary 'data:image/jpeg;base64,/9j/4AAQSkZJRgABAQAAAQABAAD/2wCEAAoHCBYVFRgVFRYYGBgZGhgaGhwaHBgYGBgaGhgaGRgYGRgcIS4lHB4rHxgYJjgmKy8xNTU1GiQ7QDs0Py40NTEBDAwMEA8QHhISHzQrJCU0NDQ0MTQ0NDQ0NDQ0NDQ0NDQ0NDQ0NDQ0NDQ0NDQ0NDQ0NDQ0NDQ0NDQ0NDQ0NDQ0NP/AABEIALcBEwMBIgACEQEDEQH/xAAcAAACAgMBAQAAAAAAAAAAAAAEBQMGAAIHAQj/xAA7EAACAQMDAgQEBAQEBgMAAAABAhEAAwQFEiExQQYiUWETMnGBFFKRoUJiscEHI3LwFYKS0eHxJDTC/8QAGQEAAwEBAQAAAAAAAAAAAAAAAAECAwQF/8QAJhEAAgICAgEDBAMAAAAAAAAAAAECESExAxJBBCJRMmFxkRNCsf/aAAwDAQACEQMRAD8ANbIAFKsm4WNSKpaireIK8lLBzgmPbJppYxo5qazYAqd2ApjSIn4FDpakzUtx5r1boUUDJ1ECluo3+IFb3c4dKGndQhiR1fdJJppgZjL1ra5jzUfwYqgsseMz3Ed16IJb6e36Gl4yiDNPPD1rbhX3/MLkfRUI/qTVMvP71Uo0k/kXYfpqQ9aB1DMDUkN81pevmpoHIIR5amCJSXHu81YMTzCpaJRHsr1TRDWjWhsmjqXR4lyKPsOTQYT1o/GiqSGiaDWrXCKka6IoO9kCmxk65detlcUnvZEVEcqo7E2GZGXFQ29Qg9aW3rhImlV/IIMGl1sTkXa1qw9anGrD1rngyiOhrf8AHt61okxqR0vF1IHvTnGyQe9cnwdTYESatmlarPeqjJrZSkXlXrcGlWLlg0xRprpjKyrJga9qMVuDVBZ7WVk1lFBZzbFRYre/cVardjViDxU7ZW7mvPUWY0O7GXNbvd9aT2L0Vu1wnpToAy9kAc0kzdSIMCmP4ctWh0oHk0KvIC3GvkmTTS1dr1cJVqK64XpVXZQV8WtUl2CKJZiFA9STAFLmyqsfgfDW/eLNu8gV1I4G4MCJP9qcYuToTRdsLA2Yy2TwdhDf6mB3fuTXKchGRijghlMEHqDXZmMz9K5L4xRbeSwVyxYb2mPKWJhePYCtuaNVRKF6pQmU8VMlzil+ceaxSGZivLVa8BuKqWHw1WLGyYFJrI6G++t0elX4qpbeRJgdaC7GZINYHimum6YERruQpAAMIZnjuf7UkvDqVBA7A+naiXt2S2R37xnivFUkVGq0aFgVFk9hLnPtoJLhPSmmZZB61HjY3elQqNcK3Plbr2obV9NMSKOukIwamyKLiVSKObngxUyLTXWdMKEsBSxDWidiNlWiMfLZDND769Y0DLvoeqbo5q5Yd+RXKtPc22FXvR82QOaqEqZaZaAa2Boe1dBFShq6kx2SVlazWU6CzgVqmmIvFKFO00zxcgCuFmYw28V4rhetbpcDCKhzMfiRU0IMGoKK8bVBVYcMD3orGtz1quqHQ1fUZ7UNdvTWrKBUTOKEkI8dprrHgnD+FirDBhc/zOkbSwAKzPMbetctW2ByRMcx6+1dm0s2jaU2AotsNyheg3cmB25mR6zW/BV2KTwEMw59o/8AVcu/xHsv8VHKgLyCw2yWMHaQOYAHf3rpzvw0dZAH1gf7+1c88fqh2QzEgkAGNp/O0RPoOtPlegRT7T8UNktWzcUDk3jWKQyZb0UZbyaSLdplpOM9+4lq2NzuYAmB0kknsAAT9qrqNDbC3XGVFEs5CqPUmuh6B4fWwpfICtcDjaQSVUCII9zM8+1DeF9JXHsIz21/EG6QWPLJ52QBWHbbzxwd1N3yU8zMfIrsxPXc427VjvESft60Yj+QuyLxDlRah1PmYdOAIMqI70kS3IpF4k1HfeG0OIPO48n7dh7U7wbgKiuXml5EwO+QpqB8ztWau8Gq9cyeazg+xmtjh7hbmprd2BUGAwajMixxxWqNBVqN/imWg5cgCgjhbjzRmNjfDq7AaaljB16VQc/HKOfSuhY90MIpL4h08RNP7gUzdTG3iNwT7UHi2puBT61fUwl2AxVNjKvnoQsjtRWhattO0mml3DDqRVP1Kw1t5FEc4EdOxdVHrTTHzwe9cnxtUMdeadaVrDboJqu7iVZ0r8UKyqqNS96yq/mHZzjOTvQyXyKmd93FH42jFl461NpLJJBh5RkVe8Xw1edAym247hHVj9OOJ+9VexoRMQKuXhmw2OQwn0Yeo71NxbyJtFb1TTdkyNsdQeCPYikw8tdn1fSbOUvnHO3ysJBWeQfQ/Q+prlWvaFfx/nWFJYKwghtp6+0jkA9qt8Tj90NNCtr1GafgFzuI4oLTsN3fkcVfcPCCJWcnWEJsQJaa3ctlULuHVlVRLNtO7aB34BrrC3gwDAESJhgVP3U8g1yS7k3WzbC4+03A+5Ax2qdqlmBJ6AqGFdRybxCjcNsjpIMH0kcH/wAVtw3GLYma2bm5XniXIPTgALP+/U1UPHLH4QYW/LK+faPKJ4JbrLH+vvVg025utEt0+I8+8QAOO39YjvVU/wAQUu/C3AqEBDOpY7+WCooXbHBMnn+lJu0gRSHfigby1sr17FGiwMpFdM8I6Tbxlxsku3xbiMSvBXbc2sgA6htkc/zGlnhPBfGum7ct7S9hjbkA7t+3kDnnaOQRMNyOaYtnALYICqFZgFWYAVyogdAAoAjtFKU6RMmOsa6WFtUgsbzEdYEbSfsIJP8ApNb6lf2IEUhVSfMfmZifM0DvM9Bx0ms0G2y2VuuPO6nYODtRju3HsCxPU8RHrFI/EFztLM0iYjaOPQiT06mPYd6zaqP5EKWs75edxYzPWibGVt4rLPAoO/1rCceyEz3PyN1KGXmjWag7t0A0oQoVDbCcAcmjxnKOJqpXMyO9CHPaa3jBlJF6tZa0Pm5gA4NVjGynJ701FkuvvQ41sY00zNk0x1m1vtyD0FVQK6HirDpmZvXa3ek1aAremoDcE9QavBUlOPSqRq2PscleKf6LrMpsfrSUvDEmE4WT5ipoHVsAOa8vvscuvM14mYzmIocqC6EuVihKK0yxPIpoul/EMtNMreGtpelVtABfh29aytbmfBPFe0qCyupp5VojoavejYUqOKHz9PAeYp/pagLRJ+WJs8s4QB6UQ9oBYFbm4BUbXJqVJN0Kxlp2XuWNqiOwKyB2O0dBW+djW7y7Lqq6jnafXoD+jGkbAId0EjvBAj3JP9v6UwGQpEKxkDgHhoPaft7dq648lxplKhLZ8Piy3TyydvMmJ4n3iK21W4EQj2pwuUrFpEgbeOkHkH9INVfxUzIkkEBpie//AG7VlJLaBlL0e01/PthLotMGJRypeGUFgu0MJmCOo611XULsISzBlI6jgA/STH61zLwzpoa+r3A+2ZG1tjBv4W3doNX/AFF9qOygsACHVjzPeY9+vHU1XZdaQMl0N/8A46fxEu5Hudxg/aCfaJ7Ui8cWVa1DO0ggwICO89OeSAJ6f3pp4fuTioVgS1zk9hvbcT+nTuSO01XPGWYrAIo8xMKSW3ABjubbMcmeYpf1QFJXGPYcUw0rTReFwM4TZbLAkEgtPCn0EbueYjoat+laEDaBI7UquraR9iBkJWHMkh2Cvz18nzAce1T2CwjNyyzIZEOjgjcGU8OikRPYChfDeG2Vet25OxBvuET03s8T6sTHr1PakuZlNtQJJbzqAOSSSQI/6v3rpWiYK4OKquQLjw1wjlmcjhAenlEDvzPHM0RjbtkoL1e+AYZgAOir1PYDjp6QJMelU3Jvh3O0EKO8ys/yiT9zTLP1JlJCIU3D+JXDN14YnmJ7MR7Ck9u0/VoJ7wIH0A9KU5WygtLfFBZVkijEux1ofKuyKzbATXGiluQ0misu71pc1wTWkQRE61tYQTXrNQxuEGtUVRYMVlFMPxQA4NVNchvWtmuMe9S4WFDu/qa9DW+NqMf2NVp7bH1qexZcdAaOiFRY714P161A6beRQdu4R8wp5ilWAmufkh5JlGz3DveWDySKNwcI7tx6UqysoIeKIs6uWETFTGN5EkWtcu3bHJFeHPtPwTH7VULt7nrW1q8TW2ShledNxietZWiuPSsqcgW28Q1SBtq8UnuOymaMx7gZea5J8zSozsy/lQR71LjXZqF7A9ahsuA0T0qOKfZ0Gg/OukLIMHt7e9QYN66UhmVuZAJBJ9+Zj9QfSpbi7xQj4aJ52LKOASsx7Ex0+vvyD0rvjjRSDcif4fKTt3A7pjkAgH13e/as1XFXIUsxICu0CAZMA8+g5mh0dVYFbpYA8q0wfYxx39FqVGAZLYkodxmeCGDenssVa+Cj3H08WlJCqWA4B6Ghs9zslSA6ryBJVl5Pl7wOkenYV7qWqMkuPlU9YG0HmF9OkGPel2blJcteVgGILI6hQCTJKmBAaZ+49DR9gGGhkfhLZfhfOYEwRvb9vf7d+AtZtvcdFKsEJkyRAI+VQszwIniAePqT4euTjWjEtLwB0J+I8fT1j+w5nxrG69uJUwOeZPrJEeUeg6wJPJNN6BjFwbWPIieFEiR5iF/vXNNXzBvVxAPxCW5n8nHSY+/WY9rj4t1BrYgN5fJK8RySQee4KE9j09K59iYz5OQthSQC7Fjydqj5mP2n7kUn8fAix/4e6QGc5t75Lc/DB7tzuf6L9ev0pzr2sPO5AF44d2AO30XuFj8oA9SeaM1S4liytq0EVEAALyEEdCqiS7d93STwwNc/ychbzlC7OSSSY2z6wATx7tPXtVPCr9gF2L5d97OY67QQATzyYmYn1NMvxa0jsacT5UEKKGuWLgcIhM/sB61k49nsCwnKFQX34pffcIQvVuKmtOz+VVLGOijcf2rJxdgJc88mlxmasT6XdcBhbchjCmDyfahbui3lJBsv5evlJj9K6o0kNCt34oRm5o7JxnT5kYfUEf1pY1axRYxwLBdoHT1q1YWkIAJ5NVDDzNlMsHVndwJgVElJiZbBpiDmBUGQ9teOKOtWyyTPaq5noQ9ZLIj1rIdxHrTRMbYKgwEmKPzElamTATZFkNNQYoExUlu0+7npXtzG2GacWtCR7kkDpzQ6Z+w8itzf9agybQbpVRS8jDf+LrXlK/8AhzVlV1iPB0m9noagQbj5WilufYMSKVLqDpwK8+XBJ5TMaL9ZwyV6zQlzE5g0h0nxI5O1hVht5QerjGMFrIIKsoFHWtjlqKX5IelWUWA6mrU5MLHWNeDkothCFnzBYUT/ADAeQn3I+tbZBO0psZGhjbkzJjlVPeR3k8xVUxrrlwAxAkT1I+pHerEzqU8lxgQQDuRtk9gJJK9uCWNbp2slpg1//Nt7Jj4YQsSN8MWLkbf4jIiDA60sbLR7BFwAbmPmG1dj9pCgAAgde8HuKNuFgyFY2vcBuEQYZZMwPUbmoXMZAhPwxsIKnoWiQd26Bz04p2A08POfw1tQe7gnuAHfcY/r69O9MMHIRQzEhQ0ieir5ZA3N8w6c9yZ9Yr+lXimMgBG3cwY9QU+I3lB9/wCw9DUOt6inwSh+dTJWNvBXgqs/KDAjjpwCKEwYl8QagPOnPVDBmZIJIjtEgcelWnwxgjBxjeuQl255iSAWRTyiAcc9zz1I6xVf8H6Scm/8e4JtWtpPHDuFBVekfzH9O9WDXdU84VSqseByC/JjiDAnjjcOvSaaVZGhLrWc12QiM79t5lzP8W3ywP5oHuaI0rRCYlYJA3QS0nvLHkisstbw1+PevNea4xRUQhwpQ+ckk9VPB6RIEGagwsy/c2NdbYRcJQLAEiGLN/KgmPvNDTEyz/gkClEI3CAx7LPqf9xS61pyIjNu3u52qwHE7ivA7xE/7NRf8RUbmBI3cIeTstgkM8fmZpAHUkH1ovGwsm4Q4T4SABUN0lNq922wWLHpMR1pJfCAxdMxt4lFKpJLH5rjmdoZj1Ecx0HH0o9ssTCLDsOdincqDosAT36dt31oZ8W1bA3ObxHYEW0meTE7iZHWfaI4oXO1EKNo/wAtTztZFCnrBJUD9YpPADC7kMASx28QIlio78LwD9T/AFpPleIEThPOeg8x4+q8R96rWTqDufIuw9dyluf3oUYj7txkknk9zSS+RosNzUbr91PtEj96r+racHO4IEPfb8pPqB2pliFh1pmAGHIppuLwCZzbItFDzU+kXIcVatS0oNMCq8+nMjBgK3U1JUUpJo6Jpzyn2pBqqeaaL0bK8kGh9TQu0CsFsk904luFqwW8YKstQWlY621k9ag1LUieBSdAR5l4b4WsewWXmh9IXe/PNWm9jBUJ9qKApr2wDTHEa2eDFLMu8NxpfevEdDVJWVRdvgWvUVlUX8c/5jXtPqHUva3Q60my8Yk8VrhZUcU7061vb1rPRkKEwig3EUZpmUzOqoCSSAAP059B707zrVvhXfYgEserQOyjuxmP37VmJ4wxccbLGO6r3byhm92JMk/U0RhGT9zoaRZbOluQA8L6mQ0fWhMrw4W3Qyj0kGD6/Tt69ahs+M8Z1BO5WP8AD55n0G2ZNNVy0YDax57JL8/of2roXHxPX+jpFXu6A9td8AjmQDLCDEkdx9JobJuNbJBQBhwdyyQO4E8c1Z8i5cE7WVvQNCn6cEz99tKsrOgj4qFDyAxggEx5dwlSD7GolFLQUJvLDSpRXEEgEAE/KxU/LBPUcESBNQXbm201pwSFUb9oEoxhd7EmYAISAP45kRRmRYQy6HbMySSCIjg+468dQRx6Ao5YhgR5yltysDfbMsvUHbICiY/hHrzAA2nJttWlLABXc9yGeWKmACSOCft78qL+7JupasmS/EwRt8oBL8doYn/zRWJlbEts5O1BeKr/ABSHBYexEAc+sUf4dsjFstfuLBcEhm3AInYQBMtE/oDQth5G+e1vGsLj2iSEHJWAZPLO7ngE+4qi6jlk3iltAwKNJI3FXZZ3DdPKx6xyfQVJqmtNmL8BVZQ7zGwb3iIAVQTG6Ttk8qPtY/D/AIFuCWvubFtoG3hrzKDIECVSYXrJ6iBWyQ9FZ0zECoqIC7sWZVALEA7VhFAMsxXmOyir7h+FXeXyGKKQQEUbn2kyZiQpaJMzMmR2ptb/AA+IhFlNnHmfYzO3+tyZP06eg6VXNU8VoX2B0aSASXdAJ5DS8L9evvSaSecsY/F3Hxx/lIiMFgPcVt/ECAxBIHA4EClmp653YhpmCjwftJ//ADVLueIbl2UDOvMcPuXg/wAJAHHX9qb6XgiS5kswEyeP06VMpPQqJMnUXddoQuG6OdoeDxO6ZMc0GunR8zb/AEBHTqe8nvTa9ag0JkXIrMCCzZUdqOVUpbuJ6VDfdh0ooVjc2k7EViwKq+TmutRWtYbvVdWBcVANQ5OCpFKsPPZ6apcMcmp0AHYtbeBRaWwBJ61EbgmsuZAipchkWXlRwKAyF8tRO5Lc1rk3+KbQUHeHmAugE8Vb/ET7LBI9K5vhZRVw3oZq6+J8ndjL7gVVUgRRg8mTUjW1PrUQt1FcMVSQwn8H71lBfi2/MayrpgObDksAByauulAWlE/MaX6PpQWbj9ulb49wu5JP0+nasJMg01u9uJNU978MZq55OKgB3v196FwNLxXf833mkgANPyFI+WftTbGyk54dD03KIYDuASOJp+bONYWSoAj2qBNewyYDL+1Uo0ACuUUICIbpMc3CpC9eikjnpz9IjmnWNqgIjeXIHn2wlpOOQxAJgdOvP9Y01HGY8Ff2oxLtsjykH96pSoLAb6WLqyJQyPOhKiRMKEO6e89JpVcwGUiHDrDAbfnUSCrbOWkET3HA6VZVAMyxAHoCTz6cED71peyUWV5B7KDsHXqxTme8TEdZJgH1K3gadlOydPQs4YfO4Z45GyfiEL/rd0UeoBjpXmRpLu2+/d+Eq9LRZd5LCPOG4VjPzNyDwF710DSbKvaS4xVmcAow6KGmEXb2AgEg8nca1vYoSdyPt/Mjux56lkYkgdIILe8RVw4pJW2Oq0VrSr6WZt2LS2LkfNcO93HO6XHyR+U7RzwKlOW7hxd+IzL0hHXdP5VIlgOOY7n602vIgIUZFxT0AbY0H8oIUR09f4fagb+nvP8A9kEdgUZAD/Mwdif0H6cU5Rk8WFFL1W3futtS2VCKT0fcRPWWnnzDge3FVrN0bJZgSjmenBJ/3z+9dRbGvDq1pyOkNBUdPKrhVHp+vI6ULdv315e1c7nygXG+vxFlUHHQDt070k+o1g5/gYjoYZYIMH1Bq66a/lFQ3dRQkh1APPkWdxnuWPTse/vFeW89FIECSflQ7zH24n6E9Pepk7diYRnPAJqr52oQYq0XXtuILhftPTrFUnWsUG6VtsWX1iKUabyCG+DkTTK1a3Gk+k4LcTNWvExoE0mk2JoDu6QrDpSt9CAMxxVtS4BQOpXwBxSyhie3iqgofN1RVHWgc7USTsWl9/BYjc1Ul8hRvd1eTwaKxswtwaQPag0ZhkinKCoGqHF4cTSu9fI60ezytLchZNTFfII1S7Vh1XPDqqg9IH6Cq/bSaLW3FXJIZ654pdksaaCKHyLINCwAo3VlE/CrKux2dY1W8qJHQAVTbWsBXP1oXWddN2Qp4quXrhmojx3slRL02Yt4QOtPtE00IJIqr+DNPLEMx4q/tcVRC/rUNJOhaKx45vEWiBXPdN0jIuHyI31IgVffE2e4IVF3MTAHUk+gA6mmXh3w7qN0BrrJjW/cbrrD2Tov/MZ9q14+ztJFK6wItN8IOBuuPt9gat2m6QVHkVm9wDH/AFHj96tum6NZsjgM7d2c7m+3ZfsBU2dqdu2CWYCKb4VVzdDjxym6WWUrKuXFu/CA88qApIgMwDAkjrCndPaoNbsNYtO7MGfaEWPzNCLA+pn7UYMfIu5F7It2iVYD4ZcqgIKICyhjJ+WAY7mqV4tzsi0iLfQo5dmAJBHkEJDKSDyzmJ7CueSv2pP7G8fTx65ebqi3Wsw27NrHQnciIoIHy7EEuY6cj9xTTRdeR0CM0ugVWPeR5d0n1j96o3hTUEZ7r3DJabamZABILGe5ML+nvSzMe7jXuDwSD6hlmatSkpb8HNK1KjpWq2QybZ8h5hSEBMluoWRzJPI5/Wq/cyXR1YnyboB3K8iPlMdZHPt/WKxre4bZEEncOSIaSvPse/HWhr7oy74BXngqDtPozLDA8df/AFTcryFWGC+5LD5hBZCDEMOyg9JH8JMT39Fz6uUUM0oCzKxAI2MI8yz9RK/X04Bs5pRtrEH3BkEUVcylcQ0EHseR+lICK/rjGQx3KDDKwDj03pu4jgyD0g/YDJ1BD5diSeRsJRWHqFU7Q3bkf+Tmw0ckwJIgnv1n+vehU0VNyyp8pBBk9jMH1FNUMUX8wdUciexAn6bweencCs0/NUuFfg9j6n0p9leF7LBmUssj5QRtVpB3LIn2jpzxFVfI06H2qT9/Wq9rQ8Mv2BtgRR75IHlqq6RluilLghgJDdnX1n1FCZWtw8Cs1F6JSLg0np0qHJxtymleDqjEUys5cjmk8AIk0uH3Go9Zuqi06y8gBTFUjWMku1OPuY1kGDyZoiyYrMGxuHSpbybe1asGbXbvFL3vEmiTbL9K3tYMdaSpIFRtjIetEuDFE2rYArHIHXpUKVgLmLCo3vkUye4kUvuIpPWrWQQN8YV7RP4VayqwULwDTrSvDrv57vkQevU030zSktjfcEkcxQozrmVkLbAO0EBUXufpS7t/ST2vRbtKRVQBFgdB6mrTp/h9mE3SVB/hHzfc9qK8O6ELKqzwXjgdl/7n3ptl3wgJMxVw4kl2mOMG2l5ZBiaXYsmUtqG/MeW/6jzW2VkgKeeear2b4nWSg4I/Uiqzn+JyCRJqZ88Uqijv4vRSbTl+hnkeLtrMjSGUx9fQ0D4f352Xufm1ah2nozH5F9+QT/y1RvEWeHIuLw4EH+Ye9db8B6WbGGm4Q9z/ADHnqGYAhT/pWB9jWcIOck3o6eZrig6w2P8AIuQDAmuc+MrbMrK43I0yDyQYJUj0PBg9orpF2FHNcy8V5W93P8CI30LN5VX9Czf8vvWvPFYfk4+KqwsFU8P/AAduxyw2HmIlj6z2ptnHDfja6GIDB3JH2YkH9KpmJl7WcepB/atb+USazcG3ZS4o7aGl5blt9ituHZl4DLPH0PHSmSWbxQMgZ2DeZB12sBzHfkGfSQexhVpd5yJ7AmmWNrBRwR2oSrBxTSjJpCoZoYg8Qeh6H7xUpduxrbXsPeTfRQvMsFED3MDv3oWzfZfK4qlTWBYY2wMpgasWPcDDmqxj5C0aMwqOKiSJY/vuAhiq1eQb5rZ9SPrS+/lmeKEmNG+o5x+UUNg6cXO5qIxsAudxo69fW2Ip3WEDJHVba9aXZWsgcA0Bn5+/gGlLrNVGC8jUR6uqF+9B5SzzQON5TTBXkUOKi8A8BWETtAHH/ei2sSOeaExuO/2oq7lQOKiTdiJlRUFaI240pbJZ22zVgw7O1ZNTTWxUDEkGpL+PKSKWZ+XD8U2068HWKdNZHRXr25TUDXj2p7qmGeoFI7iR2rWLTRSZF+IesrzeK9q6GdDK7+BzJCgepPA61e/B3hFMMG40Pffq3ZB+RP7nv9KysqPTpWzOJad1LtQvjaR2PWsrK25W+p1elSclZyTxTcIuMp4ZTIYeh6cVVMnOMSaysrkglZ7TbURh4J0o5uXbttHw1/zLnuiESsd5JVfoTX0Gqx0rKyuzjSo8P1vJLvRFlQVIaQP1rln+INxUQJbEKSSSepPqaysrPm2b+lS6nLUPmJpxpeiveAbovrIlo6x6fesrKjkbSwHLJqOC5YOm29gUCIFV7WNNNt+vB6VlZWEG7PPWybTc0Lw3IqbULlhhugg/SsrKvyMUW4ny9Pet8jJAFZWVfkpCq5mebimum2t3NZWU5YQ2PHYIlU7UsxmYisrKXHsEChTUbEisrK1Q0E49knk9KKDbaysrGTZDJEyOa2v3OOKysp0Mk0XG3NuNP9SfakVlZUS+oCiZd3c1NNHztpArKyuhpdSnouMi4s1W9YxIBisrKwjslbK9srKysrcs/9k=','Description for Product 4'),(5,'Product 5',55.99,_binary 'data:image/jpeg;base64,/9j/4AAQSkZJRgABAQAAAQABAAD/2wCEAAoHCBYVFRgVFRYYGBgZGhgaGhwaHBgYGBgaGhgaGRgYGRgcIS4lHB4rHxgYJjgmKy8xNTU1GiQ7QDs0Py40NTEBDAwMEA8QHhISHzQrJCU0NDQ0MTQ0NDQ0NDQ0NDQ0NDQ0NDQ0NDQ0NDQ0NDQ0NDQ0NDQ0NDQ0NDQ0NDQ0NDQ0NP/AABEIALcBEwMBIgACEQEDEQH/xAAcAAACAgMBAQAAAAAAAAAAAAAEBQMGAAIHAQj/xAA7EAACAQMDAgQEBAQEBgMAAAABAhEAAwQFEiExQQYiUWETMnGBFFKRoUJiscEHI3LwFYKS0eHxJDTC/8QAGQEAAwEBAQAAAAAAAAAAAAAAAAECAwQF/8QAJhEAAgICAgEDBAMAAAAAAAAAAAECESExAxJBBCJRMmFxkRNCsf/aAAwDAQACEQMRAD8ANbIAFKsm4WNSKpaireIK8lLBzgmPbJppYxo5qazYAqd2ApjSIn4FDpakzUtx5r1boUUDJ1ECluo3+IFb3c4dKGndQhiR1fdJJppgZjL1ra5jzUfwYqgsseMz3Ed16IJb6e36Gl4yiDNPPD1rbhX3/MLkfRUI/qTVMvP71Uo0k/kXYfpqQ9aB1DMDUkN81pevmpoHIIR5amCJSXHu81YMTzCpaJRHsr1TRDWjWhsmjqXR4lyKPsOTQYT1o/GiqSGiaDWrXCKka6IoO9kCmxk65detlcUnvZEVEcqo7E2GZGXFQ29Qg9aW3rhImlV/IIMGl1sTkXa1qw9anGrD1rngyiOhrf8AHt61okxqR0vF1IHvTnGyQe9cnwdTYESatmlarPeqjJrZSkXlXrcGlWLlg0xRprpjKyrJga9qMVuDVBZ7WVk1lFBZzbFRYre/cVardjViDxU7ZW7mvPUWY0O7GXNbvd9aT2L0Vu1wnpToAy9kAc0kzdSIMCmP4ctWh0oHk0KvIC3GvkmTTS1dr1cJVqK64XpVXZQV8WtUl2CKJZiFA9STAFLmyqsfgfDW/eLNu8gV1I4G4MCJP9qcYuToTRdsLA2Yy2TwdhDf6mB3fuTXKchGRijghlMEHqDXZmMz9K5L4xRbeSwVyxYb2mPKWJhePYCtuaNVRKF6pQmU8VMlzil+ceaxSGZivLVa8BuKqWHw1WLGyYFJrI6G++t0elX4qpbeRJgdaC7GZINYHimum6YERruQpAAMIZnjuf7UkvDqVBA7A+naiXt2S2R37xnivFUkVGq0aFgVFk9hLnPtoJLhPSmmZZB61HjY3elQqNcK3Plbr2obV9NMSKOukIwamyKLiVSKObngxUyLTXWdMKEsBSxDWidiNlWiMfLZDND769Y0DLvoeqbo5q5Yd+RXKtPc22FXvR82QOaqEqZaZaAa2Boe1dBFShq6kx2SVlazWU6CzgVqmmIvFKFO00zxcgCuFmYw28V4rhetbpcDCKhzMfiRU0IMGoKK8bVBVYcMD3orGtz1quqHQ1fUZ7UNdvTWrKBUTOKEkI8dprrHgnD+FirDBhc/zOkbSwAKzPMbetctW2ByRMcx6+1dm0s2jaU2AotsNyheg3cmB25mR6zW/BV2KTwEMw59o/8AVcu/xHsv8VHKgLyCw2yWMHaQOYAHf3rpzvw0dZAH1gf7+1c88fqh2QzEgkAGNp/O0RPoOtPlegRT7T8UNktWzcUDk3jWKQyZb0UZbyaSLdplpOM9+4lq2NzuYAmB0kknsAAT9qrqNDbC3XGVFEs5CqPUmuh6B4fWwpfICtcDjaQSVUCII9zM8+1DeF9JXHsIz21/EG6QWPLJ52QBWHbbzxwd1N3yU8zMfIrsxPXc427VjvESft60Yj+QuyLxDlRah1PmYdOAIMqI70kS3IpF4k1HfeG0OIPO48n7dh7U7wbgKiuXml5EwO+QpqB8ztWau8Gq9cyeazg+xmtjh7hbmprd2BUGAwajMixxxWqNBVqN/imWg5cgCgjhbjzRmNjfDq7AaaljB16VQc/HKOfSuhY90MIpL4h08RNP7gUzdTG3iNwT7UHi2puBT61fUwl2AxVNjKvnoQsjtRWhattO0mml3DDqRVP1Kw1t5FEc4EdOxdVHrTTHzwe9cnxtUMdeadaVrDboJqu7iVZ0r8UKyqqNS96yq/mHZzjOTvQyXyKmd93FH42jFl461NpLJJBh5RkVe8Xw1edAym247hHVj9OOJ+9VexoRMQKuXhmw2OQwn0Yeo71NxbyJtFb1TTdkyNsdQeCPYikw8tdn1fSbOUvnHO3ysJBWeQfQ/Q+prlWvaFfx/nWFJYKwghtp6+0jkA9qt8Tj90NNCtr1GafgFzuI4oLTsN3fkcVfcPCCJWcnWEJsQJaa3ctlULuHVlVRLNtO7aB34BrrC3gwDAESJhgVP3U8g1yS7k3WzbC4+03A+5Ax2qdqlmBJ6AqGFdRybxCjcNsjpIMH0kcH/wAVtw3GLYma2bm5XniXIPTgALP+/U1UPHLH4QYW/LK+faPKJ4JbrLH+vvVg025utEt0+I8+8QAOO39YjvVU/wAQUu/C3AqEBDOpY7+WCooXbHBMnn+lJu0gRSHfigby1sr17FGiwMpFdM8I6Tbxlxsku3xbiMSvBXbc2sgA6htkc/zGlnhPBfGum7ct7S9hjbkA7t+3kDnnaOQRMNyOaYtnALYICqFZgFWYAVyogdAAoAjtFKU6RMmOsa6WFtUgsbzEdYEbSfsIJP8ApNb6lf2IEUhVSfMfmZifM0DvM9Bx0ms0G2y2VuuPO6nYODtRju3HsCxPU8RHrFI/EFztLM0iYjaOPQiT06mPYd6zaqP5EKWs75edxYzPWibGVt4rLPAoO/1rCceyEz3PyN1KGXmjWag7t0A0oQoVDbCcAcmjxnKOJqpXMyO9CHPaa3jBlJF6tZa0Pm5gA4NVjGynJ701FkuvvQ41sY00zNk0x1m1vtyD0FVQK6HirDpmZvXa3ek1aAremoDcE9QavBUlOPSqRq2PscleKf6LrMpsfrSUvDEmE4WT5ipoHVsAOa8vvscuvM14mYzmIocqC6EuVihKK0yxPIpoul/EMtNMreGtpelVtABfh29aytbmfBPFe0qCyupp5VojoavejYUqOKHz9PAeYp/pagLRJ+WJs8s4QB6UQ9oBYFbm4BUbXJqVJN0Kxlp2XuWNqiOwKyB2O0dBW+djW7y7Lqq6jnafXoD+jGkbAId0EjvBAj3JP9v6UwGQpEKxkDgHhoPaft7dq648lxplKhLZ8Piy3TyydvMmJ4n3iK21W4EQj2pwuUrFpEgbeOkHkH9INVfxUzIkkEBpie//AG7VlJLaBlL0e01/PthLotMGJRypeGUFgu0MJmCOo611XULsISzBlI6jgA/STH61zLwzpoa+r3A+2ZG1tjBv4W3doNX/AFF9qOygsACHVjzPeY9+vHU1XZdaQMl0N/8A46fxEu5Hudxg/aCfaJ7Ui8cWVa1DO0ggwICO89OeSAJ6f3pp4fuTioVgS1zk9hvbcT+nTuSO01XPGWYrAIo8xMKSW3ABjubbMcmeYpf1QFJXGPYcUw0rTReFwM4TZbLAkEgtPCn0EbueYjoat+laEDaBI7UquraR9iBkJWHMkh2Cvz18nzAce1T2CwjNyyzIZEOjgjcGU8OikRPYChfDeG2Vet25OxBvuET03s8T6sTHr1PakuZlNtQJJbzqAOSSSQI/6v3rpWiYK4OKquQLjw1wjlmcjhAenlEDvzPHM0RjbtkoL1e+AYZgAOir1PYDjp6QJMelU3Jvh3O0EKO8ys/yiT9zTLP1JlJCIU3D+JXDN14YnmJ7MR7Ck9u0/VoJ7wIH0A9KU5WygtLfFBZVkijEux1ofKuyKzbATXGiluQ0misu71pc1wTWkQRE61tYQTXrNQxuEGtUVRYMVlFMPxQA4NVNchvWtmuMe9S4WFDu/qa9DW+NqMf2NVp7bH1qexZcdAaOiFRY714P161A6beRQdu4R8wp5ilWAmufkh5JlGz3DveWDySKNwcI7tx6UqysoIeKIs6uWETFTGN5EkWtcu3bHJFeHPtPwTH7VULt7nrW1q8TW2ShledNxietZWiuPSsqcgW28Q1SBtq8UnuOymaMx7gZea5J8zSozsy/lQR71LjXZqF7A9ahsuA0T0qOKfZ0Gg/OukLIMHt7e9QYN66UhmVuZAJBJ9+Zj9QfSpbi7xQj4aJ52LKOASsx7Ex0+vvyD0rvjjRSDcif4fKTt3A7pjkAgH13e/as1XFXIUsxICu0CAZMA8+g5mh0dVYFbpYA8q0wfYxx39FqVGAZLYkodxmeCGDenssVa+Cj3H08WlJCqWA4B6Ghs9zslSA6ryBJVl5Pl7wOkenYV7qWqMkuPlU9YG0HmF9OkGPel2blJcteVgGILI6hQCTJKmBAaZ+49DR9gGGhkfhLZfhfOYEwRvb9vf7d+AtZtvcdFKsEJkyRAI+VQszwIniAePqT4euTjWjEtLwB0J+I8fT1j+w5nxrG69uJUwOeZPrJEeUeg6wJPJNN6BjFwbWPIieFEiR5iF/vXNNXzBvVxAPxCW5n8nHSY+/WY9rj4t1BrYgN5fJK8RySQee4KE9j09K59iYz5OQthSQC7Fjydqj5mP2n7kUn8fAix/4e6QGc5t75Lc/DB7tzuf6L9ev0pzr2sPO5AF44d2AO30XuFj8oA9SeaM1S4liytq0EVEAALyEEdCqiS7d93STwwNc/ychbzlC7OSSSY2z6wATx7tPXtVPCr9gF2L5d97OY67QQATzyYmYn1NMvxa0jsacT5UEKKGuWLgcIhM/sB61k49nsCwnKFQX34pffcIQvVuKmtOz+VVLGOijcf2rJxdgJc88mlxmasT6XdcBhbchjCmDyfahbui3lJBsv5evlJj9K6o0kNCt34oRm5o7JxnT5kYfUEf1pY1axRYxwLBdoHT1q1YWkIAJ5NVDDzNlMsHVndwJgVElJiZbBpiDmBUGQ9teOKOtWyyTPaq5noQ9ZLIj1rIdxHrTRMbYKgwEmKPzElamTATZFkNNQYoExUlu0+7npXtzG2GacWtCR7kkDpzQ6Z+w8itzf9agybQbpVRS8jDf+LrXlK/8AhzVlV1iPB0m9noagQbj5WilufYMSKVLqDpwK8+XBJ5TMaL9ZwyV6zQlzE5g0h0nxI5O1hVht5QerjGMFrIIKsoFHWtjlqKX5IelWUWA6mrU5MLHWNeDkothCFnzBYUT/ADAeQn3I+tbZBO0psZGhjbkzJjlVPeR3k8xVUxrrlwAxAkT1I+pHerEzqU8lxgQQDuRtk9gJJK9uCWNbp2slpg1//Nt7Jj4YQsSN8MWLkbf4jIiDA60sbLR7BFwAbmPmG1dj9pCgAAgde8HuKNuFgyFY2vcBuEQYZZMwPUbmoXMZAhPwxsIKnoWiQd26Bz04p2A08POfw1tQe7gnuAHfcY/r69O9MMHIRQzEhQ0ieir5ZA3N8w6c9yZ9Yr+lXimMgBG3cwY9QU+I3lB9/wCw9DUOt6inwSh+dTJWNvBXgqs/KDAjjpwCKEwYl8QagPOnPVDBmZIJIjtEgcelWnwxgjBxjeuQl255iSAWRTyiAcc9zz1I6xVf8H6Scm/8e4JtWtpPHDuFBVekfzH9O9WDXdU84VSqseByC/JjiDAnjjcOvSaaVZGhLrWc12QiM79t5lzP8W3ywP5oHuaI0rRCYlYJA3QS0nvLHkisstbw1+PevNea4xRUQhwpQ+ckk9VPB6RIEGagwsy/c2NdbYRcJQLAEiGLN/KgmPvNDTEyz/gkClEI3CAx7LPqf9xS61pyIjNu3u52qwHE7ivA7xE/7NRf8RUbmBI3cIeTstgkM8fmZpAHUkH1ovGwsm4Q4T4SABUN0lNq922wWLHpMR1pJfCAxdMxt4lFKpJLH5rjmdoZj1Ecx0HH0o9ssTCLDsOdincqDosAT36dt31oZ8W1bA3ObxHYEW0meTE7iZHWfaI4oXO1EKNo/wAtTztZFCnrBJUD9YpPADC7kMASx28QIlio78LwD9T/AFpPleIEThPOeg8x4+q8R96rWTqDufIuw9dyluf3oUYj7txkknk9zSS+RosNzUbr91PtEj96r+racHO4IEPfb8pPqB2pliFh1pmAGHIppuLwCZzbItFDzU+kXIcVatS0oNMCq8+nMjBgK3U1JUUpJo6Jpzyn2pBqqeaaL0bK8kGh9TQu0CsFsk904luFqwW8YKstQWlY621k9ag1LUieBSdAR5l4b4WsewWXmh9IXe/PNWm9jBUJ9qKApr2wDTHEa2eDFLMu8NxpfevEdDVJWVRdvgWvUVlUX8c/5jXtPqHUva3Q60my8Yk8VrhZUcU7061vb1rPRkKEwig3EUZpmUzOqoCSSAAP059B707zrVvhXfYgEserQOyjuxmP37VmJ4wxccbLGO6r3byhm92JMk/U0RhGT9zoaRZbOluQA8L6mQ0fWhMrw4W3Qyj0kGD6/Tt69ahs+M8Z1BO5WP8AD55n0G2ZNNVy0YDax57JL8/of2roXHxPX+jpFXu6A9td8AjmQDLCDEkdx9JobJuNbJBQBhwdyyQO4E8c1Z8i5cE7WVvQNCn6cEz99tKsrOgj4qFDyAxggEx5dwlSD7GolFLQUJvLDSpRXEEgEAE/KxU/LBPUcESBNQXbm201pwSFUb9oEoxhd7EmYAISAP45kRRmRYQy6HbMySSCIjg+468dQRx6Ao5YhgR5yltysDfbMsvUHbICiY/hHrzAA2nJttWlLABXc9yGeWKmACSOCft78qL+7JupasmS/EwRt8oBL8doYn/zRWJlbEts5O1BeKr/ABSHBYexEAc+sUf4dsjFstfuLBcEhm3AInYQBMtE/oDQth5G+e1vGsLj2iSEHJWAZPLO7ngE+4qi6jlk3iltAwKNJI3FXZZ3DdPKx6xyfQVJqmtNmL8BVZQ7zGwb3iIAVQTG6Ttk8qPtY/D/AIFuCWvubFtoG3hrzKDIECVSYXrJ6iBWyQ9FZ0zECoqIC7sWZVALEA7VhFAMsxXmOyir7h+FXeXyGKKQQEUbn2kyZiQpaJMzMmR2ptb/AA+IhFlNnHmfYzO3+tyZP06eg6VXNU8VoX2B0aSASXdAJ5DS8L9evvSaSecsY/F3Hxx/lIiMFgPcVt/ECAxBIHA4EClmp653YhpmCjwftJ//ADVLueIbl2UDOvMcPuXg/wAJAHHX9qb6XgiS5kswEyeP06VMpPQqJMnUXddoQuG6OdoeDxO6ZMc0GunR8zb/AEBHTqe8nvTa9ag0JkXIrMCCzZUdqOVUpbuJ6VDfdh0ooVjc2k7EViwKq+TmutRWtYbvVdWBcVANQ5OCpFKsPPZ6apcMcmp0AHYtbeBRaWwBJ61EbgmsuZAipchkWXlRwKAyF8tRO5Lc1rk3+KbQUHeHmAugE8Vb/ET7LBI9K5vhZRVw3oZq6+J8ndjL7gVVUgRRg8mTUjW1PrUQt1FcMVSQwn8H71lBfi2/MayrpgObDksAByauulAWlE/MaX6PpQWbj9ulb49wu5JP0+nasJMg01u9uJNU978MZq55OKgB3v196FwNLxXf833mkgANPyFI+WftTbGyk54dD03KIYDuASOJp+bONYWSoAj2qBNewyYDL+1Uo0ACuUUICIbpMc3CpC9eikjnpz9IjmnWNqgIjeXIHn2wlpOOQxAJgdOvP9Y01HGY8Ff2oxLtsjykH96pSoLAb6WLqyJQyPOhKiRMKEO6e89JpVcwGUiHDrDAbfnUSCrbOWkET3HA6VZVAMyxAHoCTz6cED71peyUWV5B7KDsHXqxTme8TEdZJgH1K3gadlOydPQs4YfO4Z45GyfiEL/rd0UeoBjpXmRpLu2+/d+Eq9LRZd5LCPOG4VjPzNyDwF710DSbKvaS4xVmcAow6KGmEXb2AgEg8nca1vYoSdyPt/Mjux56lkYkgdIILe8RVw4pJW2Oq0VrSr6WZt2LS2LkfNcO93HO6XHyR+U7RzwKlOW7hxd+IzL0hHXdP5VIlgOOY7n602vIgIUZFxT0AbY0H8oIUR09f4fagb+nvP8A9kEdgUZAD/Mwdif0H6cU5Rk8WFFL1W3futtS2VCKT0fcRPWWnnzDge3FVrN0bJZgSjmenBJ/3z+9dRbGvDq1pyOkNBUdPKrhVHp+vI6ULdv315e1c7nygXG+vxFlUHHQDt070k+o1g5/gYjoYZYIMH1Bq66a/lFQ3dRQkh1APPkWdxnuWPTse/vFeW89FIECSflQ7zH24n6E9Pepk7diYRnPAJqr52oQYq0XXtuILhftPTrFUnWsUG6VtsWX1iKUabyCG+DkTTK1a3Gk+k4LcTNWvExoE0mk2JoDu6QrDpSt9CAMxxVtS4BQOpXwBxSyhie3iqgofN1RVHWgc7USTsWl9/BYjc1Ul8hRvd1eTwaKxswtwaQPag0ZhkinKCoGqHF4cTSu9fI60ezytLchZNTFfII1S7Vh1XPDqqg9IH6Cq/bSaLW3FXJIZ654pdksaaCKHyLINCwAo3VlE/CrKux2dY1W8qJHQAVTbWsBXP1oXWddN2Qp4quXrhmojx3slRL02Yt4QOtPtE00IJIqr+DNPLEMx4q/tcVRC/rUNJOhaKx45vEWiBXPdN0jIuHyI31IgVffE2e4IVF3MTAHUk+gA6mmXh3w7qN0BrrJjW/cbrrD2Tov/MZ9q14+ztJFK6wItN8IOBuuPt9gat2m6QVHkVm9wDH/AFHj96tum6NZsjgM7d2c7m+3ZfsBU2dqdu2CWYCKb4VVzdDjxym6WWUrKuXFu/CA88qApIgMwDAkjrCndPaoNbsNYtO7MGfaEWPzNCLA+pn7UYMfIu5F7It2iVYD4ZcqgIKICyhjJ+WAY7mqV4tzsi0iLfQo5dmAJBHkEJDKSDyzmJ7CueSv2pP7G8fTx65ebqi3Wsw27NrHQnciIoIHy7EEuY6cj9xTTRdeR0CM0ugVWPeR5d0n1j96o3hTUEZ7r3DJabamZABILGe5ML+nvSzMe7jXuDwSD6hlmatSkpb8HNK1KjpWq2QybZ8h5hSEBMluoWRzJPI5/Wq/cyXR1YnyboB3K8iPlMdZHPt/WKxre4bZEEncOSIaSvPse/HWhr7oy74BXngqDtPozLDA8df/AFTcryFWGC+5LD5hBZCDEMOyg9JH8JMT39Fz6uUUM0oCzKxAI2MI8yz9RK/X04Bs5pRtrEH3BkEUVcylcQ0EHseR+lICK/rjGQx3KDDKwDj03pu4jgyD0g/YDJ1BD5diSeRsJRWHqFU7Q3bkf+Tmw0ckwJIgnv1n+vehU0VNyyp8pBBk9jMH1FNUMUX8wdUciexAn6bweencCs0/NUuFfg9j6n0p9leF7LBmUssj5QRtVpB3LIn2jpzxFVfI06H2qT9/Wq9rQ8Mv2BtgRR75IHlqq6RluilLghgJDdnX1n1FCZWtw8Cs1F6JSLg0np0qHJxtymleDqjEUys5cjmk8AIk0uH3Go9Zuqi06y8gBTFUjWMku1OPuY1kGDyZoiyYrMGxuHSpbybe1asGbXbvFL3vEmiTbL9K3tYMdaSpIFRtjIetEuDFE2rYArHIHXpUKVgLmLCo3vkUye4kUvuIpPWrWQQN8YV7RP4VayqwULwDTrSvDrv57vkQevU030zSktjfcEkcxQozrmVkLbAO0EBUXufpS7t/ST2vRbtKRVQBFgdB6mrTp/h9mE3SVB/hHzfc9qK8O6ELKqzwXjgdl/7n3ptl3wgJMxVw4kl2mOMG2l5ZBiaXYsmUtqG/MeW/6jzW2VkgKeeear2b4nWSg4I/Uiqzn+JyCRJqZ88Uqijv4vRSbTl+hnkeLtrMjSGUx9fQ0D4f352Xufm1ah2nozH5F9+QT/y1RvEWeHIuLw4EH+Ye9db8B6WbGGm4Q9z/ADHnqGYAhT/pWB9jWcIOck3o6eZrig6w2P8AIuQDAmuc+MrbMrK43I0yDyQYJUj0PBg9orpF2FHNcy8V5W93P8CI30LN5VX9Czf8vvWvPFYfk4+KqwsFU8P/AAduxyw2HmIlj6z2ptnHDfja6GIDB3JH2YkH9KpmJl7WcepB/atb+USazcG3ZS4o7aGl5blt9ituHZl4DLPH0PHSmSWbxQMgZ2DeZB12sBzHfkGfSQexhVpd5yJ7AmmWNrBRwR2oSrBxTSjJpCoZoYg8Qeh6H7xUpduxrbXsPeTfRQvMsFED3MDv3oWzfZfK4qlTWBYY2wMpgasWPcDDmqxj5C0aMwqOKiSJY/vuAhiq1eQb5rZ9SPrS+/lmeKEmNG+o5x+UUNg6cXO5qIxsAudxo69fW2Ip3WEDJHVba9aXZWsgcA0Bn5+/gGlLrNVGC8jUR6uqF+9B5SzzQON5TTBXkUOKi8A8BWETtAHH/ei2sSOeaExuO/2oq7lQOKiTdiJlRUFaI240pbJZ22zVgw7O1ZNTTWxUDEkGpL+PKSKWZ+XD8U2068HWKdNZHRXr25TUDXj2p7qmGeoFI7iR2rWLTRSZF+IesrzeK9q6GdDK7+BzJCgepPA61e/B3hFMMG40Pffq3ZB+RP7nv9KysqPTpWzOJad1LtQvjaR2PWsrK25W+p1elSclZyTxTcIuMp4ZTIYeh6cVVMnOMSaysrkglZ7TbURh4J0o5uXbttHw1/zLnuiESsd5JVfoTX0Gqx0rKyuzjSo8P1vJLvRFlQVIaQP1rln+INxUQJbEKSSSepPqaysrPm2b+lS6nLUPmJpxpeiveAbovrIlo6x6fesrKjkbSwHLJqOC5YOm29gUCIFV7WNNNt+vB6VlZWEG7PPWybTc0Lw3IqbULlhhugg/SsrKvyMUW4ny9Pet8jJAFZWVfkpCq5mebimum2t3NZWU5YQ2PHYIlU7UsxmYisrKXHsEChTUbEisrK1Q0E49knk9KKDbaysrGTZDJEyOa2v3OOKysp0Mk0XG3NuNP9SfakVlZUS+oCiZd3c1NNHztpArKyuhpdSnouMi4s1W9YxIBisrKwjslbK9srKysrcs/9k=','Description for Product 5'),(6,'thit choa',1000.00,_binary 'data:image/jpeg;base64,/9j/4AAQSkZJRgABAQAAAQABAAD/2wCEAAoHCBUVFBgVFRUZGBgYGhgYGhgaGxsYGhoaGhgaGhkaGh0bIS0kGyEqIRkhJTclKi8xNDQ0GiM6PzozPi0zNDEBCwsLEA8QHxISHzMqIyozMzMzMzMzMzMzMTMzMzMzMzMzMzMzMzMzMzMzMzMzMzMzMzMzMzMzMzMzMzMzMzMzM//AABEIAKgBLAMBIgACEQEDEQH/xAAcAAABBAMBAAAAAAAAAAAAAAAFAgMEBgABBwj/xABREAACAQIDBAUFCwYKCgMAAAABAgMAEQQSIQUxQVEGEyJhcQcygZGhFFJTk7HB0dLT4fAXI0JUcrIVJTNEc4KDkpTxFiQ0NUNiY3SztKLi4//EABoBAAIDAQEAAAAAAAAAAAAAAAIDAAEEBQb/xAAkEQACAgICAgMBAAMAAAAAAAAAAQIRAyESMQRBEyJRYQUy4f/aAAwDAQACEQMRAD8A4+KUtJFKWlsMcWnEptacWhZaH0p5KmbJ2BisT/IYeSQe+C2T++1k9tKx+x8RhzaeF4+91IU+Djst6CaWy0NRGpUVqiR1JjpbYVE6MVLiHoqHEamwtS3RCdE1TsOeetQoVohAtKlZeidAq8j66JQRjgKgQLRKBu+lyr2ESoo+6psQ7hUWNqlxNWeSSCRIINJCcfvp1RWwo50vjYVjaX5C3hSmUbgAKWKUCKZVqmDZH6vnatODUi1JKUDh+FqREK0tY6dKVrJS1D9C5GkhPAem9OCAnU+01oJ30vK3fToxjXTBcmNEjdYeNIK01tXFLFEztcAWW/edNPxwqpYja8qaqHYcAgLg+kbqrhboJXVlwsO7wpRFUTD7YxWfSNwpuCzAqBrYAlgLXounSIpZZI2H/MFa2nfbX0VJYmi07LAy0ndUTA7Yhk0EgDcjofUaIAemlOLQSkMu5PAeitJf/OlMKw0DYa6NmMkbx66baG3GlE1pnqm0WkxPUn8GlWPvhSc1JvQ2Fxb7PNQrrPQzyWw4nCJiMRNIrSjMqxlFCqTZblla5Nr6Wte1cmFen/J9/uzCf0KV6yTpHKKwPI7gfh8V/fi+zqt7U6DHBbRwS4aQOsznJ16h8rR2Z8wXKHXKbgCxuLXG+nejfT949o4gY7Et7nXrkQZMwVxKoTRFLeaGFGsd0pwuN2ns0YaQv1bzl7o6WzRdnz1F/NO6h2uyFo2n0UbEC0mPxar7yJool8LJHcjuJNKwHRp4FKpjsU62sEnMc692YFAxHcGFRPKTtKbD4B5IHaNw8ahlsSAzAHfcbql9BMZJNgIJJmLyMr5mbQmzsBew5AUHJ1ZChdE+hUeLbFHEO6vFiHjIiyKlx2iQGU2F20HAWoftfo5HDtKPBo7lHMN2bKXAdrNYhQOGmlX7oF/K7R/72T91arfSj/f2H8cN++aCSCTJXSboRh8LhXmjklLJlsHKFTmdVN7IDuPOqZhzXWvKGP4vn/s//Klckwu6lZFTLjtBKE1PgqBDU6Cs8pBoJQURgWh2HNEoDSpyRaJsS1LiFRYjUyMUp0ESVFbtWk0pYNCmiOzB6q3l76UBWFaYl+g2ay1lbBrV6jivRLNNSLU5WmNC0WmYgFJncKrMT2VBJPIAXJrYNDOk72wkv7IHrYA1adqiJbKR0k6UPKciL2QbhbZiTzNVfEdIpE0Vjn4nQ5fXcd1rUP2jiLsQpOmjndrfzQeW6hbOBwHrI+fWt2LAquWxzlx0g4u2pRbPIB3mxa3IDfRvZnSWTRQGce+bQfNVOgxiruCjnZRc+m+tT4dqJxYgcjYj56LJhTXRcZnQMJjGJ1UetSfRcfPVgwGOO4jT1H1H5jXNsFtGI2Gcd18y/IbeyrLgcUdCGuPEMPWKxZMTiM1IvCuGrTig+Cxd6Lo1wDWTJGugKpmiKbNOtWjSRiYwRWtadYHhScooaDTPNQr0/wCT/wD3ZhP6FK8v3rvvRFtrYTDJh3wSSiMWRhiERgp1CsLEG17X00A8a9bLo5AO6L+T6RMfPLjIYpIHExQMVk7TSqynKRocub10T25sfDYfaWyzBBHFmkxAbq0VM1ohlvlAvvPrprY3lFmxU74aLZ5aRAxdTOqhQpCNqVt5zAac6rnlNwm0sQYpJcKsUSMI40SRZWLykAE5bEklVAAGntoVyvZDp3S7by4HDNiDH1lnRcubLcs1t9ju37uFP9Gdrri8NHiQmTOG7ObNlysVtew5cq51sTojIkCJPshJXAJZ2xYUkkki6gkKQDbTlTPSPolM8IGH2WuHdXDFkxIkZlCsCgUkXuSD/VoXSIW3oCfzm0f+9k/dWom2+jOJl2rFikVeqUw5iXAPYYluzvqseTPEY2NZuogEsRcB1aQRskgG8E67rAgjgN2t7Ftfp7NhXEc2CZWZcy2lVgRcjQhbbxu4UmWT7VVh8WHfKGf4um/s/wDypXJcNuq97ZfaGPwqLFhVSOUJIWaVGZl0dQBplGgPPhpVU2JsTEYgN1SFgpszEhVB97cnU9woJ8pVotUkZDRDDmpsfRDGDfGv99PprWK2XLAVEiZc243BB7rjj3UiUZLdBJoew9EoKGYeiUBrNJhE6I1NhqFEamxUplkq1bFYorDQ9Fig1KDU3WUxTaKoXespIrd6tT/SqMNJNYa0RQyl+FpClNAumUh9ySBfOI9gNz8lGXawql9JMYwJJPZAIy8GB58/uqRk7QUYWzlWOBWwbeAL6H0n20OBW9j8lSNrN2zY6X0vv++ndkYEk52GnAfTXcVRhbFqUpSpCoIV0Jv6F+6iMaKBcFh/UU+wgUVwERbQanlpf1VYcIrLw5HiKzSzfw0xxlKTEJ75L8MyMh/vKamJiSvaClRbz47uB+0psbeg1ejGjAh0BHEMAfbQnF7BgbWMFG3gozqPSAaF5YewuEvRE6O7bJkWOS2ci6sp7Mi8GU/N410aHzR4VzLBQxxYhEldiwOZTIobLe5FnUAi+U7uWtdNgcFFINwQLGsPlpX9eir/AE2aSSaWaSVrJQViCa1fupZpFVQSkeaq9X9HcV1uFw8nv4YnPiUUn215Qr0r5MMV1my8Mfeqyf3JGQewCvUz6OUUHyWH+OsX+xif/Zjro3SfEWn2envsUWtzCYeb52B9Arm3kua22cXr+hif/Zjq4dKsR/G+yowdxxDEftJlB/8AiaGUvvX8K9Fj6VbeXA4ZsQ0ZcKyLlUhSczZRqaVsHawxmGjxCoyCQMQpIJFmK6kb91NdLcFhp8M0eLkEcJZSXLrEAwa6jM2g1p7o3hIYsNHFhpA8Kg5GDq+YFiT2l0OpO6lTpxoJaK90DX85tAW3Y2T91an9OOjwxmGsg/PR3eM8T75L8mA9YXlUXoEfzm0f+9k/dWrHBtGNp3w4azxqjleaPezLzFwQeWnMVXBKTaL5DXRb/YsN/QQ9x/k1oV5Of9j8ZZv37VahVS8nTf6l/azfvmjk0iuySnShTjTgxE2YErnzC2iZ91r91N9PCRhlv8In7rUI2c+HO1MUkq5pGZOq0NxaMl7EeabWqZ06wiJh1YLY9Yg85jvVt9zakTlcWGl9kV/CvoKKQNQXCPoKKYd650mP4hWFqmRGhsT1Ohektl8Qgp0rd6aVq3mobJQ5esvSAay9EVQu9YTTdavUslDpNIJrWatFqhaQquf9NkKl9NLhu6xH01fr1Xel2yTNHnW10U3G64GunPjVw1JMOL3TOOQ4MPJmbhrRCQlTYDS1PPBkJ7zT0YDDKRc8uYrpPJyf8LhDigWIpSc0bi41Gtj7KsOxulEl+rlTUaX338aDe5HRjkIsTuYMCPCw7VP4bZLvIuZtTbcLUyTTjsqMd6LzHjgW3AezQ+FKkTW4I+S9UXpDPJHJ1OawFhm5mwPz1IwmAkUB2lYqO2QTfsgXNvRWd4k422M+Rp6Qa2Ts/wB04t2J7KOPRk0sPSCP6xroRqrdB8E0cJkcWaQ318ST6zViZ6xZpXKl0tARV7Hr1omms9aL0ogpmpGaks9N56gaPOQrtvki6RYaPAtHPiIomSZ8qySIhKsFYEBiLi5OvMGuIilV6mUbVM5h6gTpDs0EsMXhAx3kTQgnjvDa1zzbm3cO+38LIuIjMMSBTKHUxglZSe3fL+ko3765IopQpaxxRDuXlS2/hJdnPHFiYZHLxWVJEdrBwSbKSbADfTvk+6QYWLAQRvioEdQ4ZGkRWX8451DMCNDeuFBqdR6CeO0kEtHbehHSDCpJjy+KhQPi5HQtIi50IADLmIzLpvFV3pL0kWLay4rDOsqqkasUYMrr2s6ZlNjoR4EDlXO43FPrIBQMJUeho+lWCYK3uzDi4Bs0qKwvrZlJuD3Gq15PekWGSBopJliZZXYF2CK6u2YFWaw5i176d9cmicNzqbEKU9P/AKEkmju6bewF8wxWFze+6yO/rzXqt9PNu4eWFIopUkYuGPVsGCqoYasugNyNN9c1jQVOgQUueX61RccauwxhX0FFMO9BYXqdDON1xflfWsMh6DcUlT4XoNE9ToHpEmFQXR6cV6go9Pq9BZHElBq3mphDS71fIGhwmsvSK1mqWVQ5mrV6YeYCmvdy86OmUTb1D2o9opP2T7dKT/CEfvhQjb+24xC6Brsy2FWkwl2c+2udT40Ogns2p1rWJxmpJqI2MAsWUnX2GulixyqhkpqJckx4eOy3LHRQOZ50/sbAuZLn9HeDvueFVZMWjqArFTwZSBY2opsfaWLBIsZDp29BcDQZuRq3hkkF8sWE9tbMEp1A0Otxoe7TUEc6JbI2RHk6tALMRmNyezvbVteFvTTahma+nasSBrY8d++rHgML1aWPnHU/RWPJkko8bJPj2SSbaDS2nhTTNWSSW31GM4rLQKkiSHrC1MK/fS71CG2ak3rDTdQs89CjewdjrOsrsxAiysQoBZlyuzhQT2msmg7yToDQQUf6Oo4SebOyxwCJ2EZAdnz5YQrMCFszElrHQHQ3r1LOYuxf+jh7DmReqZEd2JymPOsZs2h4yqAba8co1DON2C8cpizC6RmR3a6qgUlW3XJFxYaXNxpVmi2dIZC0c0siNhkxEUK5FlcMFQx6qVOULc2U+aLC9V/bUkkGKISV2ZURLtZmXMl2hfTK5UkqeZoU7YTVIcXoy7WyyK2ZEK29+7YYFWF+yAMSCCL3tuF9GtqbDaIMwYMiqrXJszXZUvlt2e03mk3A366UaxODdfdEKTydfhY0mckrkcL1JcKAoZCmSOxLG+QaCoG1pD7jgdZJCs7TB0YIFBjMZuoVRYFje3d40JbSG8F0fd3C51yjqi5XMSolyZfOCqSM66Zhv0vY2Y2dsx5VQqyDrHMaqS1yyqjNoqnQZ1176nbD2rfJFLLN2niRFjVMy2IAOZwdAVTs2JOVdRl1lw4b3J10jSu0eHmMCCMqpd3AzntBgLJGptrcqoBFr0LJSBmJ2dJEodyuuUEK12UumdQ3K633X800iKdh31YsZhkOJXCzyysM0SxdWqLdXjQJI+a92swBA5MRa9qibO2RG2Ikgd2OTrcrpYA9WHJvcHflG7vpMqCp3oG4Y2N/SBrxommNUDXf8p8aFonGo8wIYX53HL20DgpPZFJoOjHO/m6Djb6adhNV2SZ0LFV84HtL2iNLXtuoqcSwbMoPmCwbTtX1JG8W107qCeGugXJt7LBhpGG5iPTRLD4uT33yGg2CxKZRmcXsL30v3gcqK4eaP3wrDkVdoZFy9BnDY5v0rEeqiuHxStxqumZMpF+eo19dKge2gsOPz1hm/wANEeTLbGRzp0iguz5Re999HeyVpuKHJNgTk0xhmtUPEYnlWY2YDdQfE4kA8PGmY4bCq0Kmx1s1CX2gLb7Eiou0sVa+vA0ExOJtxrZDFYLZOxe0SONAcViyTv76W+Zxpu5nQU9s7AIz3PasBflYcBTGoxQUFJsGR7Nmk7SxsUvqQCfVzrWKwD/Bvp/yn6KuDbVEYyCKwtbed1P7GEct7OwPCxB17waiztehrxK7s5yMNY7yh8OO/UcDU7D4iXNcPfwBtb11fekmAMkea13TQ23le75R6armGwYjYEX1AGu8aab/AArRHNyiZ5x4ss/RiRgAZNW79bHv8Ks+YnVTfwqnRzBRRHZ20zz0vppv7hWTPCHbLUZPoMOvOmHFGMNOCNaj7Sw36ajS2tufOs88DUeSBU90CySKeik50ywpBxKKbFrHfakVYfKifcUnOKhpMri6m9ZUovkcGFGdi7TSOOeGQMY8QiqxSxZWRs6MASAwB3i4vffQcCtgV6hmFFsHSWMlktIiCCLDxSIV65FjbMW3gds3zAMNLC5tUXbO14sQ7yMkmcJEkT5lBLIQGkmFu0zDl99V9RTirQaRfJss+P6QxyNiJUR1mxMaxSZsuRB2OsKEG7Zsi2BAtc6moeLxsT4WGFRJnhaRszBQrdYVLDQki2XQ8e6hCrTqoKBui7Yd2dj8HFK8ix4gbhEQ8ZeO6gO12Wxe97GxsDz1Cv4QgMcuHySiF3SRGBV5VdFyuWzEK2cE7rW5GgyoKeRB30DkXbLDDtuJpZJ5I5Q7BUj6tkHVIqBBYuNXKi2a2lzaxpvZW0IYpnkCSZMjIi3Vn7aFGZyTa+t9BbXhQlUHOpCJ30mUkXbG4X1NibbhcW079aYxEbsbAaDdRAIONjTiop4e2l/JTuicQXDG4bS4NjqRe1xr7ONblmbMdCRpe48BrRuNBY3G8c6GvgZCGARtwtbuP3UUcsZPZajREbaIvuPqFSIcad9mFtdw+mtfwRMf+Gd/sojj4es/ko7KMylmuCeALE6A924aVJPG+qDimO4bFkgEE+mieHxpFgSaDYDAyIouhO/UajfwPGpq4dr3KkD59KxZYwbaHwLTszGi4vuvr30exWOuLg1SMM5Fh/zX9Fhr7DW5doMHNjpWaEGnS6DaT2EtoYpxqrX7qD/wpmY679bcmG8fjnWYjFX1vQXErmYMuhB15d9bMWFR2ypSvSJ2LnzGm1jSxLC54A7vvphn/wA61Nj0C5eNObb0ilBLbNYiU7gNPxwp/DXCXVrMfXVe6/U3b20uTawW1jej+GT0i/kSDEe1JY3HWKwBPnN5p7r1cAomVZ4SBKo1A3OPet3jgar2x9oRYqJoJW7J0FxYqeBvzqDsQ4iCVljbNGrMoPMAkUEoqn6a9FqTtFvxG2FljBW4fzXX13Bpo4LMt7XP3UMwiBZGBvdyW9JYn56s+Gw5yXtXOyN8rRpTSjRSMQzlrEXINiNb+Bvuo/sxwi3ItyvqSTT21dnK/wCcAs43kaXHC9BJsURIVJ8wADxsCT3nhWrD95L+bEZpVEtuHxeup8e6jWAxdwKpeFmuRrpy+mjmAmvatbVGRombbyxENuD38Aw3+HP11S5o2ZmYm/a38yfu+SrztWLrIDwKMrA+BsfYTQGPBEDUg3421rHOUYSteyK2AoWZTdSRw08aKEc3F/Gnxs7v43Fxu3097kPMUDyRYVHERSgK6/8AkQb9eHxH/wCtb/Ig368PiD9rXoKMdnIQKcWut/kSb9eHxB+1pQ8irfrw/wAOftaFxZLOTJenkFdVHkXf9eX/AA5+1pQ8jTfry/4c/a0LgwuSOXKKfRK6aPI+/wCur8QftadXyRsP54vxB+1pUscvwnJHNUSpUcffXRB5J2/XB8SftKcTyWMP52PiT9pSZYcj9F80c/SGpKYUc6vi+TJh/Ox8UftKeTycMP50Pij9pSZePm9ILmijRYMc/GpsOE7/AGVcE8njC3+sjT/pn69Pp0EYfzgfFn69Il4md+i1kiVAQHTUW8KfTAAbtL3OgA1Opq3L0MIt+fHxf/3oA8eV3W/mswvu80kc+6sebFlxL7KrGRmn0Me4ToS277q2mAXNqQwsdCO8U684QFmNgBx/GtV7au1AUzZgoOgW/aI77a37qDDinkdLoPkStrYhV7CLoN7WA15XoHIhYXDKPTr43FB5sWMzZQRmFje5tfjYnSt4eRslmO8+wfj2V2YYVCJSnboncPOuPVTTvSes0qPNJy0oab7HJpCcRiAPHlUNMQqE51Vi269+z6N1NYvEKm7VqFM5OprVjxa2IyZaYWmxa6goAPCouEjDtusPlNMDEXGU7qkq+XKPT66Zx4qkDy5bYXw2zEzX18Bxq67NMeUKQFsLAfRVHhd1PnWHrtTuIEwAK5W1vmDEE+g1gyYpZNNj1NJaRdsRgirqdwHHuNEG2gI0Ub83HduoZsvGvJGGYZSBYi97241JfY6YhlDXKcUBsCe+3fXNUWpVJml7Vk0jPGWH6QIHI1z0OzzuQLWbL/d7Pr0rqOIg6uPUZVQaW4cgLVzePDkktbznYj0tet3hpJsy5ZOSCuFjKW52F6Iws+gBIqKoNz6hRbAJc23H7q1T6FIJYLDsqnO5bMLa9++ltAv4/HcKdlHYUjvHj+PmpjORa/p9fCuL5DfOgrNCGx31mTurTvp7dd9akbXdSrZdnTKru0ukvVyvDFhpsS0ShpeqyWjDC6r22XM5AuFW5tbnViqqY/ZGNjxEs2CkgAxATrFnVjkZFyCSMp53YCjI1hdb31NewMBr/TFZHRcLhpcSHhScMjRIAjs6qD1jqc11II4U/F0kd53hjwkrCN0jeQPCFVmVHNwzhiFVxewO7Sh+yOgkUU8TyBZVggijjZgc4lSWSRpeQuz3Gp3US2Z0bSPF4jFuiNLJJmjkF86p1KRlCSNNVY6X0NQg3L0uTKmSGSSWSWeGOFMmdjA7JI5LMFVBa9yeIp7C9JQzQI8E0TzSSQ5ZFClWjjaQm4JDqQujKSDfuNhY6MYmMJLBJEMRFNi3UOGMTxYmUuUcgBlYdk5hexUjUGpY2PjGfDSzSxPLDJPIVUMiAPA8aRobFiAzAlm1sT3CoQJQ7fheefDq15MOqO403MCbDnawvyzCpWx8euIginUFVlRJAptcB1DAG3HWqds/oTiIpI5xig8uaQzKyhUcTi8wVlXObMFZc17ZANKMdEsBjcOkcGIOGMUUSxoY+s6wlAqqWzdm1gb242qEMHSh/dLYY4OYFFzs5aLKIyzqsmj3sSh0tfurewela4h40bDyw9fGZoWcxlZEXIWtkckEB1NiBoakybIc4uae65ZMMkAGuYMrysSdLWtIPUarmyehmIwmVoZEZ/cfUXkeVxFMALyQkg2jY70svmrblUIWLD9J4JExTxkv7kZ1kAtclEzHLruJBUHmpp3ZG3kxDlFRlIhgnu1rZZw5VdDvGQ3qsYHoLLh8wixOdJMNJhnWRFTeGaNxkXtMHdrlrkhzqbVKw+wsfh5BJh2wxvhsNA4l63fAHBK5BuOfjyqECWzukrzTNHHhJSiTSQNNmiyBo3Ks2XPntce941H2D0yTEtCDh5YlxIcwSOYyrlAWZew5ZTYE6gXsah7D6MYnDYyWdUwhSaeaRpLS+6Orlcvkv5umndpTfRboRJhJcNIXWQpE8cis8jKjMcwkw4bRCdFZbAW3cbwheq5TiX/Ozb/Pf9811auS45/zkn9I+vC2c1y/8mrihuIE9IMUQqqBwJPiNB89VGeS5vVh6SyWC/s29VU7Ezd9B4cPohkmJSTtNY62v491O4bFX03d3LuoYSR2uNbdr9pTrxFdBwTVAcqYZfE1DxGK0qM2JuPmqK7ZjQQxb2HLJfQpULm9PHCi1KjYC3KnusFHKT9FRivYPeIinVkuQT3CpLIDTZwl9xq+afZOLXQTwzqTYnQ0UwMUam+rem4qrZHXv+ep+yMeVORr2O4n5Kz5MTabixkZ09lx2VIVLDhrarTsmcXy8xcVTTickTuozFVJXvtQDC9J5LglmDAmwQD2XrPHxOewp560dO6WYorGFv5w9l9fZVAweNUODlL2JN+Ckn1aVZOku00lTCpIAJJIQ7AkgXOUhWynjY0CxOwiBdQCPesBcekWvTceHg22C58opIMYDaAe2bKpvuuG9dqsOE3/AI/Bqg4PZ6hwCrIeakkepvpq8bHXKoBfNb11MhSCxbLpfQm4HLTWm35/j8XpOMJLC17abuPGmRJcacb79N1tfXXDzbm2GOE8/H22HiaTIuv6PpOvyUrNx/Ht76Qf2iPx4ej0UtMgZ/Ktsr4dvipPq1n5VtlfDt8VJ9WvN4rdewsxUejvyrbK+Hb4qX6tb/Kpsv4Z/ipfq15yFKFVyLo9F/lT2X8O/wAVL9Wt/lS2X8O3xUv1K87A04KHmSj0N+VDZnwz/Ey/Urf5UNmfCv8AEy/Vrz2rU8HoXkJxPQA8pmzfhn+Kl+rSvyk7O+Ff4qT6tcCQ1JQ6UDzNF8Ud2HlF2f8ACt8VJ9Wtr5Q9nn/itr/05Pq1w1Db8cqejGu/Tfpz3Ut+RIvijuI6e4H4Vvi5Pq04Om+D+EbfbzH+iuKwP6vbUtH1te2pseY4UqXlZF+F8EdhXpjhDudtP+nJ9Wue4vEZpJGGql3YfslyRe+tyDuoXBIb6HW3LQ3B1FbaQdkkjMDqNRewBU6eHy1lzZZZaUq0WkkDulhICeDD0g6/LVNZhx31fNuwdZHpqyliNDqOJ9nsqgTxkVr8NpwoKQl5KjsacJpDNW5IXIQaXGtYEp2JajeiRjswims9ZK3CsRaiWtlt29DscnfUmOSoRjpSykb6GUL6CUq7CqvTU0QNMRzU+JAaTxcWNTTQ5s/FSElAw8G425UR2fsPM4LqLb+OtzrodKAspDZluLHeOFF5NsyGMWezDS9td49FG0/RUXFf7IK45EnLa9tSQrX17J7P3VM2VtEkdXL5w0N+PfQLAZJNUORxvS+h/Z5eFFEkuRnBDjnYGgf4CmGI4Re4On49dFMDq3ePQKApiLbvlo5gH0146+gVmzS4xbDQVkfMN9rejcOfopi5AA5aczY99Nq4ItfeD8ltK28mot+iTfwG6uI9vYRMZhbXcNLcBa54U2m7hTTPqDqQPVc8PGmzIBpr9NCkSziApVZWV7AxmwaUKysoGWLFLWsrKpkFga04g1rKygZBxTTyPxrKylsslxgHj4d9KTQkg/jlWVlKZCSslt+7dv8AlqWjW1A0I011G4X1PKsrKTJFoUZSAbeda446aEC27fTjyZiGvqddde0N9vk9lZWUtosS2K7wBdrEbiLbufjTLYaOTzkF9+mhIPh4Gt1lEvr0REcbNhIvktqeJ0+Sq/tWRHksiKqrp2QBe3EnjWVlafGk222WRof0jyrWE1JvxrKytf6T2iPIliRTirWVlFekVHsd0ApmS1ZWVSLkNg8qcWc8RWVlE0habXQQ2W6sWQ/pDTuI3U0uhIPgfEVuspbVMMWFsbg+n56L4TaJIsxvbnWVlCyIMYAhz3UWE1rgcR3er8cqysrN5CXBjEPw4jerC1rH5B89Oq5bewGvpN/8qysrjuKstElnFjY6DU9wG89999IK33HT+t9FZWUpBH//2Q==','cau vang'),(7,'thit choa',1000.00,_binary 'data:image/jpeg;base64,/9j/4AAQSkZJRgABAQAAAQABAAD/2wCEAAoHCBUVFBgVFRUZGBgYGhgYGhgaGxsYGhoaGhgaGhkaGh0bIS0kGyEqIRkhJTclKi8xNDQ0GiM6PzozPi0zNDEBCwsLEA8QHxISHzMqIyozMzMzMzMzMzMzMTMzMzMzMzMzMzMzMzMzMzMzMzMzMzMzMzMzMzMzMzMzMzMzMzMzM//AABEIAKgBLAMBIgACEQEDEQH/xAAcAAABBAMBAAAAAAAAAAAAAAAFAgMEBgABBwj/xABREAACAQIDBAUFCwYKCgMAAAABAgMAEQQSIQUxQVEGEyJhcQcygZGhFFJTk7HB0dLT4fAXI0JUcrIVJTNEc4KDkpTxFiQ0NUNiY3SztKLi4//EABoBAAIDAQEAAAAAAAAAAAAAAAIDAAEEBQb/xAAkEQACAgICAgMBAAMAAAAAAAAAAQIRAyESMQRBEyJRYQUy4f/aAAwDAQACEQMRAD8A4+KUtJFKWlsMcWnEptacWhZaH0p5KmbJ2BisT/IYeSQe+C2T++1k9tKx+x8RhzaeF4+91IU+Djst6CaWy0NRGpUVqiR1JjpbYVE6MVLiHoqHEamwtS3RCdE1TsOeetQoVohAtKlZeidAq8j66JQRjgKgQLRKBu+lyr2ESoo+6psQ7hUWNqlxNWeSSCRIINJCcfvp1RWwo50vjYVjaX5C3hSmUbgAKWKUCKZVqmDZH6vnatODUi1JKUDh+FqREK0tY6dKVrJS1D9C5GkhPAem9OCAnU+01oJ30vK3fToxjXTBcmNEjdYeNIK01tXFLFEztcAWW/edNPxwqpYja8qaqHYcAgLg+kbqrhboJXVlwsO7wpRFUTD7YxWfSNwpuCzAqBrYAlgLXounSIpZZI2H/MFa2nfbX0VJYmi07LAy0ndUTA7Yhk0EgDcjofUaIAemlOLQSkMu5PAeitJf/OlMKw0DYa6NmMkbx66baG3GlE1pnqm0WkxPUn8GlWPvhSc1JvQ2Fxb7PNQrrPQzyWw4nCJiMRNIrSjMqxlFCqTZblla5Nr6Wte1cmFen/J9/uzCf0KV6yTpHKKwPI7gfh8V/fi+zqt7U6DHBbRwS4aQOsznJ16h8rR2Z8wXKHXKbgCxuLXG+nejfT949o4gY7Et7nXrkQZMwVxKoTRFLeaGFGsd0pwuN2ns0YaQv1bzl7o6WzRdnz1F/NO6h2uyFo2n0UbEC0mPxar7yJool8LJHcjuJNKwHRp4FKpjsU62sEnMc692YFAxHcGFRPKTtKbD4B5IHaNw8ahlsSAzAHfcbql9BMZJNgIJJmLyMr5mbQmzsBew5AUHJ1ZChdE+hUeLbFHEO6vFiHjIiyKlx2iQGU2F20HAWoftfo5HDtKPBo7lHMN2bKXAdrNYhQOGmlX7oF/K7R/72T91arfSj/f2H8cN++aCSCTJXSboRh8LhXmjklLJlsHKFTmdVN7IDuPOqZhzXWvKGP4vn/s//Klckwu6lZFTLjtBKE1PgqBDU6Cs8pBoJQURgWh2HNEoDSpyRaJsS1LiFRYjUyMUp0ESVFbtWk0pYNCmiOzB6q3l76UBWFaYl+g2ay1lbBrV6jivRLNNSLU5WmNC0WmYgFJncKrMT2VBJPIAXJrYNDOk72wkv7IHrYA1adqiJbKR0k6UPKciL2QbhbZiTzNVfEdIpE0Vjn4nQ5fXcd1rUP2jiLsQpOmjndrfzQeW6hbOBwHrI+fWt2LAquWxzlx0g4u2pRbPIB3mxa3IDfRvZnSWTRQGce+bQfNVOgxiruCjnZRc+m+tT4dqJxYgcjYj56LJhTXRcZnQMJjGJ1UetSfRcfPVgwGOO4jT1H1H5jXNsFtGI2Gcd18y/IbeyrLgcUdCGuPEMPWKxZMTiM1IvCuGrTig+Cxd6Lo1wDWTJGugKpmiKbNOtWjSRiYwRWtadYHhScooaDTPNQr0/wCT/wD3ZhP6FK8v3rvvRFtrYTDJh3wSSiMWRhiERgp1CsLEG17X00A8a9bLo5AO6L+T6RMfPLjIYpIHExQMVk7TSqynKRocub10T25sfDYfaWyzBBHFmkxAbq0VM1ohlvlAvvPrprY3lFmxU74aLZ5aRAxdTOqhQpCNqVt5zAac6rnlNwm0sQYpJcKsUSMI40SRZWLykAE5bEklVAAGntoVyvZDp3S7by4HDNiDH1lnRcubLcs1t9ju37uFP9Gdrri8NHiQmTOG7ObNlysVtew5cq51sTojIkCJPshJXAJZ2xYUkkki6gkKQDbTlTPSPolM8IGH2WuHdXDFkxIkZlCsCgUkXuSD/VoXSIW3oCfzm0f+9k/dWom2+jOJl2rFikVeqUw5iXAPYYluzvqseTPEY2NZuogEsRcB1aQRskgG8E67rAgjgN2t7Ftfp7NhXEc2CZWZcy2lVgRcjQhbbxu4UmWT7VVh8WHfKGf4um/s/wDypXJcNuq97ZfaGPwqLFhVSOUJIWaVGZl0dQBplGgPPhpVU2JsTEYgN1SFgpszEhVB97cnU9woJ8pVotUkZDRDDmpsfRDGDfGv99PprWK2XLAVEiZc243BB7rjj3UiUZLdBJoew9EoKGYeiUBrNJhE6I1NhqFEamxUplkq1bFYorDQ9Fig1KDU3WUxTaKoXespIrd6tT/SqMNJNYa0RQyl+FpClNAumUh9ySBfOI9gNz8lGXawql9JMYwJJPZAIy8GB58/uqRk7QUYWzlWOBWwbeAL6H0n20OBW9j8lSNrN2zY6X0vv++ndkYEk52GnAfTXcVRhbFqUpSpCoIV0Jv6F+6iMaKBcFh/UU+wgUVwERbQanlpf1VYcIrLw5HiKzSzfw0xxlKTEJ75L8MyMh/vKamJiSvaClRbz47uB+0psbeg1ejGjAh0BHEMAfbQnF7BgbWMFG3gozqPSAaF5YewuEvRE6O7bJkWOS2ci6sp7Mi8GU/N410aHzR4VzLBQxxYhEldiwOZTIobLe5FnUAi+U7uWtdNgcFFINwQLGsPlpX9eir/AE2aSSaWaSVrJQViCa1fupZpFVQSkeaq9X9HcV1uFw8nv4YnPiUUn215Qr0r5MMV1my8Mfeqyf3JGQewCvUz6OUUHyWH+OsX+xif/Zjro3SfEWn2envsUWtzCYeb52B9Arm3kua22cXr+hif/Zjq4dKsR/G+yowdxxDEftJlB/8AiaGUvvX8K9Fj6VbeXA4ZsQ0ZcKyLlUhSczZRqaVsHawxmGjxCoyCQMQpIJFmK6kb91NdLcFhp8M0eLkEcJZSXLrEAwa6jM2g1p7o3hIYsNHFhpA8Kg5GDq+YFiT2l0OpO6lTpxoJaK90DX85tAW3Y2T91an9OOjwxmGsg/PR3eM8T75L8mA9YXlUXoEfzm0f+9k/dWrHBtGNp3w4azxqjleaPezLzFwQeWnMVXBKTaL5DXRb/YsN/QQ9x/k1oV5Of9j8ZZv37VahVS8nTf6l/azfvmjk0iuySnShTjTgxE2YErnzC2iZ91r91N9PCRhlv8In7rUI2c+HO1MUkq5pGZOq0NxaMl7EeabWqZ06wiJh1YLY9Yg85jvVt9zakTlcWGl9kV/CvoKKQNQXCPoKKYd650mP4hWFqmRGhsT1Ohektl8Qgp0rd6aVq3mobJQ5esvSAay9EVQu9YTTdavUslDpNIJrWatFqhaQquf9NkKl9NLhu6xH01fr1Xel2yTNHnW10U3G64GunPjVw1JMOL3TOOQ4MPJmbhrRCQlTYDS1PPBkJ7zT0YDDKRc8uYrpPJyf8LhDigWIpSc0bi41Gtj7KsOxulEl+rlTUaX338aDe5HRjkIsTuYMCPCw7VP4bZLvIuZtTbcLUyTTjsqMd6LzHjgW3AezQ+FKkTW4I+S9UXpDPJHJ1OawFhm5mwPz1IwmAkUB2lYqO2QTfsgXNvRWd4k422M+Rp6Qa2Ts/wB04t2J7KOPRk0sPSCP6xroRqrdB8E0cJkcWaQ318ST6zViZ6xZpXKl0tARV7Hr1omms9aL0ogpmpGaks9N56gaPOQrtvki6RYaPAtHPiIomSZ8qySIhKsFYEBiLi5OvMGuIilV6mUbVM5h6gTpDs0EsMXhAx3kTQgnjvDa1zzbm3cO+38LIuIjMMSBTKHUxglZSe3fL+ko3765IopQpaxxRDuXlS2/hJdnPHFiYZHLxWVJEdrBwSbKSbADfTvk+6QYWLAQRvioEdQ4ZGkRWX8451DMCNDeuFBqdR6CeO0kEtHbehHSDCpJjy+KhQPi5HQtIi50IADLmIzLpvFV3pL0kWLay4rDOsqqkasUYMrr2s6ZlNjoR4EDlXO43FPrIBQMJUeho+lWCYK3uzDi4Bs0qKwvrZlJuD3Gq15PekWGSBopJliZZXYF2CK6u2YFWaw5i176d9cmicNzqbEKU9P/AKEkmju6bewF8wxWFze+6yO/rzXqt9PNu4eWFIopUkYuGPVsGCqoYasugNyNN9c1jQVOgQUueX61RccauwxhX0FFMO9BYXqdDON1xflfWsMh6DcUlT4XoNE9ToHpEmFQXR6cV6go9Pq9BZHElBq3mphDS71fIGhwmsvSK1mqWVQ5mrV6YeYCmvdy86OmUTb1D2o9opP2T7dKT/CEfvhQjb+24xC6Brsy2FWkwl2c+2udT40Ogns2p1rWJxmpJqI2MAsWUnX2GulixyqhkpqJckx4eOy3LHRQOZ50/sbAuZLn9HeDvueFVZMWjqArFTwZSBY2opsfaWLBIsZDp29BcDQZuRq3hkkF8sWE9tbMEp1A0Otxoe7TUEc6JbI2RHk6tALMRmNyezvbVteFvTTahma+nasSBrY8d++rHgML1aWPnHU/RWPJkko8bJPj2SSbaDS2nhTTNWSSW31GM4rLQKkiSHrC1MK/fS71CG2ak3rDTdQs89CjewdjrOsrsxAiysQoBZlyuzhQT2msmg7yToDQQUf6Oo4SebOyxwCJ2EZAdnz5YQrMCFszElrHQHQ3r1LOYuxf+jh7DmReqZEd2JymPOsZs2h4yqAba8co1DON2C8cpizC6RmR3a6qgUlW3XJFxYaXNxpVmi2dIZC0c0siNhkxEUK5FlcMFQx6qVOULc2U+aLC9V/bUkkGKISV2ZURLtZmXMl2hfTK5UkqeZoU7YTVIcXoy7WyyK2ZEK29+7YYFWF+yAMSCCL3tuF9GtqbDaIMwYMiqrXJszXZUvlt2e03mk3A366UaxODdfdEKTydfhY0mckrkcL1JcKAoZCmSOxLG+QaCoG1pD7jgdZJCs7TB0YIFBjMZuoVRYFje3d40JbSG8F0fd3C51yjqi5XMSolyZfOCqSM66Zhv0vY2Y2dsx5VQqyDrHMaqS1yyqjNoqnQZ1176nbD2rfJFLLN2niRFjVMy2IAOZwdAVTs2JOVdRl1lw4b3J10jSu0eHmMCCMqpd3AzntBgLJGptrcqoBFr0LJSBmJ2dJEodyuuUEK12UumdQ3K633X800iKdh31YsZhkOJXCzyysM0SxdWqLdXjQJI+a92swBA5MRa9qibO2RG2Ikgd2OTrcrpYA9WHJvcHflG7vpMqCp3oG4Y2N/SBrxommNUDXf8p8aFonGo8wIYX53HL20DgpPZFJoOjHO/m6Djb6adhNV2SZ0LFV84HtL2iNLXtuoqcSwbMoPmCwbTtX1JG8W107qCeGugXJt7LBhpGG5iPTRLD4uT33yGg2CxKZRmcXsL30v3gcqK4eaP3wrDkVdoZFy9BnDY5v0rEeqiuHxStxqumZMpF+eo19dKge2gsOPz1hm/wANEeTLbGRzp0iguz5Re999HeyVpuKHJNgTk0xhmtUPEYnlWY2YDdQfE4kA8PGmY4bCq0Kmx1s1CX2gLb7Eiou0sVa+vA0ExOJtxrZDFYLZOxe0SONAcViyTv76W+Zxpu5nQU9s7AIz3PasBflYcBTGoxQUFJsGR7Nmk7SxsUvqQCfVzrWKwD/Bvp/yn6KuDbVEYyCKwtbed1P7GEct7OwPCxB17waiztehrxK7s5yMNY7yh8OO/UcDU7D4iXNcPfwBtb11fekmAMkea13TQ23le75R6armGwYjYEX1AGu8aab/AArRHNyiZ5x4ss/RiRgAZNW79bHv8Ks+YnVTfwqnRzBRRHZ20zz0vppv7hWTPCHbLUZPoMOvOmHFGMNOCNaj7Sw36ajS2tufOs88DUeSBU90CySKeik50ywpBxKKbFrHfakVYfKifcUnOKhpMri6m9ZUovkcGFGdi7TSOOeGQMY8QiqxSxZWRs6MASAwB3i4vffQcCtgV6hmFFsHSWMlktIiCCLDxSIV65FjbMW3gds3zAMNLC5tUXbO14sQ7yMkmcJEkT5lBLIQGkmFu0zDl99V9RTirQaRfJss+P6QxyNiJUR1mxMaxSZsuRB2OsKEG7Zsi2BAtc6moeLxsT4WGFRJnhaRszBQrdYVLDQki2XQ8e6hCrTqoKBui7Yd2dj8HFK8ix4gbhEQ8ZeO6gO12Wxe97GxsDz1Cv4QgMcuHySiF3SRGBV5VdFyuWzEK2cE7rW5GgyoKeRB30DkXbLDDtuJpZJ5I5Q7BUj6tkHVIqBBYuNXKi2a2lzaxpvZW0IYpnkCSZMjIi3Vn7aFGZyTa+t9BbXhQlUHOpCJ30mUkXbG4X1NibbhcW079aYxEbsbAaDdRAIONjTiop4e2l/JTuicQXDG4bS4NjqRe1xr7ONblmbMdCRpe48BrRuNBY3G8c6GvgZCGARtwtbuP3UUcsZPZajREbaIvuPqFSIcad9mFtdw+mtfwRMf+Gd/sojj4es/ko7KMylmuCeALE6A924aVJPG+qDimO4bFkgEE+mieHxpFgSaDYDAyIouhO/UajfwPGpq4dr3KkD59KxZYwbaHwLTszGi4vuvr30exWOuLg1SMM5Fh/zX9Fhr7DW5doMHNjpWaEGnS6DaT2EtoYpxqrX7qD/wpmY679bcmG8fjnWYjFX1vQXErmYMuhB15d9bMWFR2ypSvSJ2LnzGm1jSxLC54A7vvphn/wA61Nj0C5eNObb0ilBLbNYiU7gNPxwp/DXCXVrMfXVe6/U3b20uTawW1jej+GT0i/kSDEe1JY3HWKwBPnN5p7r1cAomVZ4SBKo1A3OPet3jgar2x9oRYqJoJW7J0FxYqeBvzqDsQ4iCVljbNGrMoPMAkUEoqn6a9FqTtFvxG2FljBW4fzXX13Bpo4LMt7XP3UMwiBZGBvdyW9JYn56s+Gw5yXtXOyN8rRpTSjRSMQzlrEXINiNb+Bvuo/sxwi3ItyvqSTT21dnK/wCcAs43kaXHC9BJsURIVJ8wADxsCT3nhWrD95L+bEZpVEtuHxeup8e6jWAxdwKpeFmuRrpy+mjmAmvatbVGRombbyxENuD38Aw3+HP11S5o2ZmYm/a38yfu+SrztWLrIDwKMrA+BsfYTQGPBEDUg3421rHOUYSteyK2AoWZTdSRw08aKEc3F/Gnxs7v43Fxu3097kPMUDyRYVHERSgK6/8AkQb9eHxH/wCtb/Ig368PiD9rXoKMdnIQKcWut/kSb9eHxB+1pQ8irfrw/wAOftaFxZLOTJenkFdVHkXf9eX/AA5+1pQ8jTfry/4c/a0LgwuSOXKKfRK6aPI+/wCur8QftadXyRsP54vxB+1pUscvwnJHNUSpUcffXRB5J2/XB8SftKcTyWMP52PiT9pSZYcj9F80c/SGpKYUc6vi+TJh/Ox8UftKeTycMP50Pij9pSZePm9ILmijRYMc/GpsOE7/AGVcE8njC3+sjT/pn69Pp0EYfzgfFn69Il4md+i1kiVAQHTUW8KfTAAbtL3OgA1Opq3L0MIt+fHxf/3oA8eV3W/mswvu80kc+6sebFlxL7KrGRmn0Me4ToS277q2mAXNqQwsdCO8U684QFmNgBx/GtV7au1AUzZgoOgW/aI77a37qDDinkdLoPkStrYhV7CLoN7WA15XoHIhYXDKPTr43FB5sWMzZQRmFje5tfjYnSt4eRslmO8+wfj2V2YYVCJSnboncPOuPVTTvSes0qPNJy0oab7HJpCcRiAPHlUNMQqE51Vi269+z6N1NYvEKm7VqFM5OprVjxa2IyZaYWmxa6goAPCouEjDtusPlNMDEXGU7qkq+XKPT66Zx4qkDy5bYXw2zEzX18Bxq67NMeUKQFsLAfRVHhd1PnWHrtTuIEwAK5W1vmDEE+g1gyYpZNNj1NJaRdsRgirqdwHHuNEG2gI0Ub83HduoZsvGvJGGYZSBYi97241JfY6YhlDXKcUBsCe+3fXNUWpVJml7Vk0jPGWH6QIHI1z0OzzuQLWbL/d7Pr0rqOIg6uPUZVQaW4cgLVzePDkktbznYj0tet3hpJsy5ZOSCuFjKW52F6Iws+gBIqKoNz6hRbAJc23H7q1T6FIJYLDsqnO5bMLa9++ltAv4/HcKdlHYUjvHj+PmpjORa/p9fCuL5DfOgrNCGx31mTurTvp7dd9akbXdSrZdnTKru0ukvVyvDFhpsS0ShpeqyWjDC6r22XM5AuFW5tbnViqqY/ZGNjxEs2CkgAxATrFnVjkZFyCSMp53YCjI1hdb31NewMBr/TFZHRcLhpcSHhScMjRIAjs6qD1jqc11II4U/F0kd53hjwkrCN0jeQPCFVmVHNwzhiFVxewO7Sh+yOgkUU8TyBZVggijjZgc4lSWSRpeQuz3Gp3US2Z0bSPF4jFuiNLJJmjkF86p1KRlCSNNVY6X0NQg3L0uTKmSGSSWSWeGOFMmdjA7JI5LMFVBa9yeIp7C9JQzQI8E0TzSSQ5ZFClWjjaQm4JDqQujKSDfuNhY6MYmMJLBJEMRFNi3UOGMTxYmUuUcgBlYdk5hexUjUGpY2PjGfDSzSxPLDJPIVUMiAPA8aRobFiAzAlm1sT3CoQJQ7fheefDq15MOqO403MCbDnawvyzCpWx8euIginUFVlRJAptcB1DAG3HWqds/oTiIpI5xig8uaQzKyhUcTi8wVlXObMFZc17ZANKMdEsBjcOkcGIOGMUUSxoY+s6wlAqqWzdm1gb242qEMHSh/dLYY4OYFFzs5aLKIyzqsmj3sSh0tfurewela4h40bDyw9fGZoWcxlZEXIWtkckEB1NiBoakybIc4uae65ZMMkAGuYMrysSdLWtIPUarmyehmIwmVoZEZ/cfUXkeVxFMALyQkg2jY70svmrblUIWLD9J4JExTxkv7kZ1kAtclEzHLruJBUHmpp3ZG3kxDlFRlIhgnu1rZZw5VdDvGQ3qsYHoLLh8wixOdJMNJhnWRFTeGaNxkXtMHdrlrkhzqbVKw+wsfh5BJh2wxvhsNA4l63fAHBK5BuOfjyqECWzukrzTNHHhJSiTSQNNmiyBo3Ks2XPntce941H2D0yTEtCDh5YlxIcwSOYyrlAWZew5ZTYE6gXsah7D6MYnDYyWdUwhSaeaRpLS+6Orlcvkv5umndpTfRboRJhJcNIXWQpE8cis8jKjMcwkw4bRCdFZbAW3cbwheq5TiX/Ozb/Pf9811auS45/zkn9I+vC2c1y/8mrihuIE9IMUQqqBwJPiNB89VGeS5vVh6SyWC/s29VU7Ezd9B4cPohkmJSTtNY62v491O4bFX03d3LuoYSR2uNbdr9pTrxFdBwTVAcqYZfE1DxGK0qM2JuPmqK7ZjQQxb2HLJfQpULm9PHCi1KjYC3KnusFHKT9FRivYPeIinVkuQT3CpLIDTZwl9xq+afZOLXQTwzqTYnQ0UwMUam+rem4qrZHXv+ep+yMeVORr2O4n5Kz5MTabixkZ09lx2VIVLDhrarTsmcXy8xcVTTickTuozFVJXvtQDC9J5LglmDAmwQD2XrPHxOewp560dO6WYorGFv5w9l9fZVAweNUODlL2JN+Ckn1aVZOku00lTCpIAJJIQ7AkgXOUhWynjY0CxOwiBdQCPesBcekWvTceHg22C58opIMYDaAe2bKpvuuG9dqsOE3/AI/Bqg4PZ6hwCrIeakkepvpq8bHXKoBfNb11MhSCxbLpfQm4HLTWm35/j8XpOMJLC17abuPGmRJcacb79N1tfXXDzbm2GOE8/H22HiaTIuv6PpOvyUrNx/Ht76Qf2iPx4ej0UtMgZ/Ktsr4dvipPq1n5VtlfDt8VJ9WvN4rdewsxUejvyrbK+Hb4qX6tb/Kpsv4Z/ipfq15yFKFVyLo9F/lT2X8O/wAVL9Wt/lS2X8O3xUv1K87A04KHmSj0N+VDZnwz/Ey/Urf5UNmfCv8AEy/Vrz2rU8HoXkJxPQA8pmzfhn+Kl+rSvyk7O+Ff4qT6tcCQ1JQ6UDzNF8Ud2HlF2f8ACt8VJ9Wtr5Q9nn/itr/05Pq1w1Db8cqejGu/Tfpz3Ut+RIvijuI6e4H4Vvi5Pq04Om+D+EbfbzH+iuKwP6vbUtH1te2pseY4UqXlZF+F8EdhXpjhDudtP+nJ9Wue4vEZpJGGql3YfslyRe+tyDuoXBIb6HW3LQ3B1FbaQdkkjMDqNRewBU6eHy1lzZZZaUq0WkkDulhICeDD0g6/LVNZhx31fNuwdZHpqyliNDqOJ9nsqgTxkVr8NpwoKQl5KjsacJpDNW5IXIQaXGtYEp2JajeiRjswims9ZK3CsRaiWtlt29DscnfUmOSoRjpSykb6GUL6CUq7CqvTU0QNMRzU+JAaTxcWNTTQ5s/FSElAw8G425UR2fsPM4LqLb+OtzrodKAspDZluLHeOFF5NsyGMWezDS9td49FG0/RUXFf7IK45EnLa9tSQrX17J7P3VM2VtEkdXL5w0N+PfQLAZJNUORxvS+h/Z5eFFEkuRnBDjnYGgf4CmGI4Re4On49dFMDq3ePQKApiLbvlo5gH0146+gVmzS4xbDQVkfMN9rejcOfopi5AA5aczY99Nq4ItfeD8ltK28mot+iTfwG6uI9vYRMZhbXcNLcBa54U2m7hTTPqDqQPVc8PGmzIBpr9NCkSziApVZWV7AxmwaUKysoGWLFLWsrKpkFga04g1rKygZBxTTyPxrKylsslxgHj4d9KTQkg/jlWVlKZCSslt+7dv8AlqWjW1A0I011G4X1PKsrKTJFoUZSAbeda446aEC27fTjyZiGvqddde0N9vk9lZWUtosS2K7wBdrEbiLbufjTLYaOTzkF9+mhIPh4Gt1lEvr0REcbNhIvktqeJ0+Sq/tWRHksiKqrp2QBe3EnjWVlafGk222WRof0jyrWE1JvxrKytf6T2iPIliRTirWVlFekVHsd0ApmS1ZWVSLkNg8qcWc8RWVlE0habXQQ2W6sWQ/pDTuI3U0uhIPgfEVuspbVMMWFsbg+n56L4TaJIsxvbnWVlCyIMYAhz3UWE1rgcR3er8cqysrN5CXBjEPw4jerC1rH5B89Oq5bewGvpN/8qysrjuKstElnFjY6DU9wG89999IK33HT+t9FZWUpBH//2Q==','cau vang'),(8,'thit choa',1000.00,_binary 'data:image/jpeg;base64,/9j/4AAQSkZJRgABAQAAAQABAAD/2wCEAAoHCBUVFBgVFRUZGBgYGhgYGhgaGxsYGhoaGhgaGhkaGh0bIS0kGyEqIRkhJTclKi8xNDQ0GiM6PzozPi0zNDEBCwsLEA8QHxISHzMqIyozMzMzMzMzMzMzMTMzMzMzMzMzMzMzMzMzMzMzMzMzMzMzMzMzMzMzMzMzMzMzMzMzM//AABEIAKgBLAMBIgACEQEDEQH/xAAcAAABBAMBAAAAAAAAAAAAAAAFAgMEBgABBwj/xABREAACAQIDBAUFCwYKCgMAAAABAgMAEQQSIQUxQVEGEyJhcQcygZGhFFJTk7HB0dLT4fAXI0JUcrIVJTNEc4KDkpTxFiQ0NUNiY3SztKLi4//EABoBAAIDAQEAAAAAAAAAAAAAAAIDAAEEBQb/xAAkEQACAgICAgMBAAMAAAAAAAAAAQIRAyESMQRBEyJRYQUy4f/aAAwDAQACEQMRAD8A4+KUtJFKWlsMcWnEptacWhZaH0p5KmbJ2BisT/IYeSQe+C2T++1k9tKx+x8RhzaeF4+91IU+Djst6CaWy0NRGpUVqiR1JjpbYVE6MVLiHoqHEamwtS3RCdE1TsOeetQoVohAtKlZeidAq8j66JQRjgKgQLRKBu+lyr2ESoo+6psQ7hUWNqlxNWeSSCRIINJCcfvp1RWwo50vjYVjaX5C3hSmUbgAKWKUCKZVqmDZH6vnatODUi1JKUDh+FqREK0tY6dKVrJS1D9C5GkhPAem9OCAnU+01oJ30vK3fToxjXTBcmNEjdYeNIK01tXFLFEztcAWW/edNPxwqpYja8qaqHYcAgLg+kbqrhboJXVlwsO7wpRFUTD7YxWfSNwpuCzAqBrYAlgLXounSIpZZI2H/MFa2nfbX0VJYmi07LAy0ndUTA7Yhk0EgDcjofUaIAemlOLQSkMu5PAeitJf/OlMKw0DYa6NmMkbx66baG3GlE1pnqm0WkxPUn8GlWPvhSc1JvQ2Fxb7PNQrrPQzyWw4nCJiMRNIrSjMqxlFCqTZblla5Nr6Wte1cmFen/J9/uzCf0KV6yTpHKKwPI7gfh8V/fi+zqt7U6DHBbRwS4aQOsznJ16h8rR2Z8wXKHXKbgCxuLXG+nejfT949o4gY7Et7nXrkQZMwVxKoTRFLeaGFGsd0pwuN2ns0YaQv1bzl7o6WzRdnz1F/NO6h2uyFo2n0UbEC0mPxar7yJool8LJHcjuJNKwHRp4FKpjsU62sEnMc692YFAxHcGFRPKTtKbD4B5IHaNw8ahlsSAzAHfcbql9BMZJNgIJJmLyMr5mbQmzsBew5AUHJ1ZChdE+hUeLbFHEO6vFiHjIiyKlx2iQGU2F20HAWoftfo5HDtKPBo7lHMN2bKXAdrNYhQOGmlX7oF/K7R/72T91arfSj/f2H8cN++aCSCTJXSboRh8LhXmjklLJlsHKFTmdVN7IDuPOqZhzXWvKGP4vn/s//Klckwu6lZFTLjtBKE1PgqBDU6Cs8pBoJQURgWh2HNEoDSpyRaJsS1LiFRYjUyMUp0ESVFbtWk0pYNCmiOzB6q3l76UBWFaYl+g2ay1lbBrV6jivRLNNSLU5WmNC0WmYgFJncKrMT2VBJPIAXJrYNDOk72wkv7IHrYA1adqiJbKR0k6UPKciL2QbhbZiTzNVfEdIpE0Vjn4nQ5fXcd1rUP2jiLsQpOmjndrfzQeW6hbOBwHrI+fWt2LAquWxzlx0g4u2pRbPIB3mxa3IDfRvZnSWTRQGce+bQfNVOgxiruCjnZRc+m+tT4dqJxYgcjYj56LJhTXRcZnQMJjGJ1UetSfRcfPVgwGOO4jT1H1H5jXNsFtGI2Gcd18y/IbeyrLgcUdCGuPEMPWKxZMTiM1IvCuGrTig+Cxd6Lo1wDWTJGugKpmiKbNOtWjSRiYwRWtadYHhScooaDTPNQr0/wCT/wD3ZhP6FK8v3rvvRFtrYTDJh3wSSiMWRhiERgp1CsLEG17X00A8a9bLo5AO6L+T6RMfPLjIYpIHExQMVk7TSqynKRocub10T25sfDYfaWyzBBHFmkxAbq0VM1ohlvlAvvPrprY3lFmxU74aLZ5aRAxdTOqhQpCNqVt5zAac6rnlNwm0sQYpJcKsUSMI40SRZWLykAE5bEklVAAGntoVyvZDp3S7by4HDNiDH1lnRcubLcs1t9ju37uFP9Gdrri8NHiQmTOG7ObNlysVtew5cq51sTojIkCJPshJXAJZ2xYUkkki6gkKQDbTlTPSPolM8IGH2WuHdXDFkxIkZlCsCgUkXuSD/VoXSIW3oCfzm0f+9k/dWom2+jOJl2rFikVeqUw5iXAPYYluzvqseTPEY2NZuogEsRcB1aQRskgG8E67rAgjgN2t7Ftfp7NhXEc2CZWZcy2lVgRcjQhbbxu4UmWT7VVh8WHfKGf4um/s/wDypXJcNuq97ZfaGPwqLFhVSOUJIWaVGZl0dQBplGgPPhpVU2JsTEYgN1SFgpszEhVB97cnU9woJ8pVotUkZDRDDmpsfRDGDfGv99PprWK2XLAVEiZc243BB7rjj3UiUZLdBJoew9EoKGYeiUBrNJhE6I1NhqFEamxUplkq1bFYorDQ9Fig1KDU3WUxTaKoXespIrd6tT/SqMNJNYa0RQyl+FpClNAumUh9ySBfOI9gNz8lGXawql9JMYwJJPZAIy8GB58/uqRk7QUYWzlWOBWwbeAL6H0n20OBW9j8lSNrN2zY6X0vv++ndkYEk52GnAfTXcVRhbFqUpSpCoIV0Jv6F+6iMaKBcFh/UU+wgUVwERbQanlpf1VYcIrLw5HiKzSzfw0xxlKTEJ75L8MyMh/vKamJiSvaClRbz47uB+0psbeg1ejGjAh0BHEMAfbQnF7BgbWMFG3gozqPSAaF5YewuEvRE6O7bJkWOS2ci6sp7Mi8GU/N410aHzR4VzLBQxxYhEldiwOZTIobLe5FnUAi+U7uWtdNgcFFINwQLGsPlpX9eir/AE2aSSaWaSVrJQViCa1fupZpFVQSkeaq9X9HcV1uFw8nv4YnPiUUn215Qr0r5MMV1my8Mfeqyf3JGQewCvUz6OUUHyWH+OsX+xif/Zjro3SfEWn2envsUWtzCYeb52B9Arm3kua22cXr+hif/Zjq4dKsR/G+yowdxxDEftJlB/8AiaGUvvX8K9Fj6VbeXA4ZsQ0ZcKyLlUhSczZRqaVsHawxmGjxCoyCQMQpIJFmK6kb91NdLcFhp8M0eLkEcJZSXLrEAwa6jM2g1p7o3hIYsNHFhpA8Kg5GDq+YFiT2l0OpO6lTpxoJaK90DX85tAW3Y2T91an9OOjwxmGsg/PR3eM8T75L8mA9YXlUXoEfzm0f+9k/dWrHBtGNp3w4azxqjleaPezLzFwQeWnMVXBKTaL5DXRb/YsN/QQ9x/k1oV5Of9j8ZZv37VahVS8nTf6l/azfvmjk0iuySnShTjTgxE2YErnzC2iZ91r91N9PCRhlv8In7rUI2c+HO1MUkq5pGZOq0NxaMl7EeabWqZ06wiJh1YLY9Yg85jvVt9zakTlcWGl9kV/CvoKKQNQXCPoKKYd650mP4hWFqmRGhsT1Ohektl8Qgp0rd6aVq3mobJQ5esvSAay9EVQu9YTTdavUslDpNIJrWatFqhaQquf9NkKl9NLhu6xH01fr1Xel2yTNHnW10U3G64GunPjVw1JMOL3TOOQ4MPJmbhrRCQlTYDS1PPBkJ7zT0YDDKRc8uYrpPJyf8LhDigWIpSc0bi41Gtj7KsOxulEl+rlTUaX338aDe5HRjkIsTuYMCPCw7VP4bZLvIuZtTbcLUyTTjsqMd6LzHjgW3AezQ+FKkTW4I+S9UXpDPJHJ1OawFhm5mwPz1IwmAkUB2lYqO2QTfsgXNvRWd4k422M+Rp6Qa2Ts/wB04t2J7KOPRk0sPSCP6xroRqrdB8E0cJkcWaQ318ST6zViZ6xZpXKl0tARV7Hr1omms9aL0ogpmpGaks9N56gaPOQrtvki6RYaPAtHPiIomSZ8qySIhKsFYEBiLi5OvMGuIilV6mUbVM5h6gTpDs0EsMXhAx3kTQgnjvDa1zzbm3cO+38LIuIjMMSBTKHUxglZSe3fL+ko3765IopQpaxxRDuXlS2/hJdnPHFiYZHLxWVJEdrBwSbKSbADfTvk+6QYWLAQRvioEdQ4ZGkRWX8451DMCNDeuFBqdR6CeO0kEtHbehHSDCpJjy+KhQPi5HQtIi50IADLmIzLpvFV3pL0kWLay4rDOsqqkasUYMrr2s6ZlNjoR4EDlXO43FPrIBQMJUeho+lWCYK3uzDi4Bs0qKwvrZlJuD3Gq15PekWGSBopJliZZXYF2CK6u2YFWaw5i176d9cmicNzqbEKU9P/AKEkmju6bewF8wxWFze+6yO/rzXqt9PNu4eWFIopUkYuGPVsGCqoYasugNyNN9c1jQVOgQUueX61RccauwxhX0FFMO9BYXqdDON1xflfWsMh6DcUlT4XoNE9ToHpEmFQXR6cV6go9Pq9BZHElBq3mphDS71fIGhwmsvSK1mqWVQ5mrV6YeYCmvdy86OmUTb1D2o9opP2T7dKT/CEfvhQjb+24xC6Brsy2FWkwl2c+2udT40Ogns2p1rWJxmpJqI2MAsWUnX2GulixyqhkpqJckx4eOy3LHRQOZ50/sbAuZLn9HeDvueFVZMWjqArFTwZSBY2opsfaWLBIsZDp29BcDQZuRq3hkkF8sWE9tbMEp1A0Otxoe7TUEc6JbI2RHk6tALMRmNyezvbVteFvTTahma+nasSBrY8d++rHgML1aWPnHU/RWPJkko8bJPj2SSbaDS2nhTTNWSSW31GM4rLQKkiSHrC1MK/fS71CG2ak3rDTdQs89CjewdjrOsrsxAiysQoBZlyuzhQT2msmg7yToDQQUf6Oo4SebOyxwCJ2EZAdnz5YQrMCFszElrHQHQ3r1LOYuxf+jh7DmReqZEd2JymPOsZs2h4yqAba8co1DON2C8cpizC6RmR3a6qgUlW3XJFxYaXNxpVmi2dIZC0c0siNhkxEUK5FlcMFQx6qVOULc2U+aLC9V/bUkkGKISV2ZURLtZmXMl2hfTK5UkqeZoU7YTVIcXoy7WyyK2ZEK29+7YYFWF+yAMSCCL3tuF9GtqbDaIMwYMiqrXJszXZUvlt2e03mk3A366UaxODdfdEKTydfhY0mckrkcL1JcKAoZCmSOxLG+QaCoG1pD7jgdZJCs7TB0YIFBjMZuoVRYFje3d40JbSG8F0fd3C51yjqi5XMSolyZfOCqSM66Zhv0vY2Y2dsx5VQqyDrHMaqS1yyqjNoqnQZ1176nbD2rfJFLLN2niRFjVMy2IAOZwdAVTs2JOVdRl1lw4b3J10jSu0eHmMCCMqpd3AzntBgLJGptrcqoBFr0LJSBmJ2dJEodyuuUEK12UumdQ3K633X800iKdh31YsZhkOJXCzyysM0SxdWqLdXjQJI+a92swBA5MRa9qibO2RG2Ikgd2OTrcrpYA9WHJvcHflG7vpMqCp3oG4Y2N/SBrxommNUDXf8p8aFonGo8wIYX53HL20DgpPZFJoOjHO/m6Djb6adhNV2SZ0LFV84HtL2iNLXtuoqcSwbMoPmCwbTtX1JG8W107qCeGugXJt7LBhpGG5iPTRLD4uT33yGg2CxKZRmcXsL30v3gcqK4eaP3wrDkVdoZFy9BnDY5v0rEeqiuHxStxqumZMpF+eo19dKge2gsOPz1hm/wANEeTLbGRzp0iguz5Re999HeyVpuKHJNgTk0xhmtUPEYnlWY2YDdQfE4kA8PGmY4bCq0Kmx1s1CX2gLb7Eiou0sVa+vA0ExOJtxrZDFYLZOxe0SONAcViyTv76W+Zxpu5nQU9s7AIz3PasBflYcBTGoxQUFJsGR7Nmk7SxsUvqQCfVzrWKwD/Bvp/yn6KuDbVEYyCKwtbed1P7GEct7OwPCxB17waiztehrxK7s5yMNY7yh8OO/UcDU7D4iXNcPfwBtb11fekmAMkea13TQ23le75R6armGwYjYEX1AGu8aab/AArRHNyiZ5x4ss/RiRgAZNW79bHv8Ks+YnVTfwqnRzBRRHZ20zz0vppv7hWTPCHbLUZPoMOvOmHFGMNOCNaj7Sw36ajS2tufOs88DUeSBU90CySKeik50ywpBxKKbFrHfakVYfKifcUnOKhpMri6m9ZUovkcGFGdi7TSOOeGQMY8QiqxSxZWRs6MASAwB3i4vffQcCtgV6hmFFsHSWMlktIiCCLDxSIV65FjbMW3gds3zAMNLC5tUXbO14sQ7yMkmcJEkT5lBLIQGkmFu0zDl99V9RTirQaRfJss+P6QxyNiJUR1mxMaxSZsuRB2OsKEG7Zsi2BAtc6moeLxsT4WGFRJnhaRszBQrdYVLDQki2XQ8e6hCrTqoKBui7Yd2dj8HFK8ix4gbhEQ8ZeO6gO12Wxe97GxsDz1Cv4QgMcuHySiF3SRGBV5VdFyuWzEK2cE7rW5GgyoKeRB30DkXbLDDtuJpZJ5I5Q7BUj6tkHVIqBBYuNXKi2a2lzaxpvZW0IYpnkCSZMjIi3Vn7aFGZyTa+t9BbXhQlUHOpCJ30mUkXbG4X1NibbhcW079aYxEbsbAaDdRAIONjTiop4e2l/JTuicQXDG4bS4NjqRe1xr7ONblmbMdCRpe48BrRuNBY3G8c6GvgZCGARtwtbuP3UUcsZPZajREbaIvuPqFSIcad9mFtdw+mtfwRMf+Gd/sojj4es/ko7KMylmuCeALE6A924aVJPG+qDimO4bFkgEE+mieHxpFgSaDYDAyIouhO/UajfwPGpq4dr3KkD59KxZYwbaHwLTszGi4vuvr30exWOuLg1SMM5Fh/zX9Fhr7DW5doMHNjpWaEGnS6DaT2EtoYpxqrX7qD/wpmY679bcmG8fjnWYjFX1vQXErmYMuhB15d9bMWFR2ypSvSJ2LnzGm1jSxLC54A7vvphn/wA61Nj0C5eNObb0ilBLbNYiU7gNPxwp/DXCXVrMfXVe6/U3b20uTawW1jej+GT0i/kSDEe1JY3HWKwBPnN5p7r1cAomVZ4SBKo1A3OPet3jgar2x9oRYqJoJW7J0FxYqeBvzqDsQ4iCVljbNGrMoPMAkUEoqn6a9FqTtFvxG2FljBW4fzXX13Bpo4LMt7XP3UMwiBZGBvdyW9JYn56s+Gw5yXtXOyN8rRpTSjRSMQzlrEXINiNb+Bvuo/sxwi3ItyvqSTT21dnK/wCcAs43kaXHC9BJsURIVJ8wADxsCT3nhWrD95L+bEZpVEtuHxeup8e6jWAxdwKpeFmuRrpy+mjmAmvatbVGRombbyxENuD38Aw3+HP11S5o2ZmYm/a38yfu+SrztWLrIDwKMrA+BsfYTQGPBEDUg3421rHOUYSteyK2AoWZTdSRw08aKEc3F/Gnxs7v43Fxu3097kPMUDyRYVHERSgK6/8AkQb9eHxH/wCtb/Ig368PiD9rXoKMdnIQKcWut/kSb9eHxB+1pQ8irfrw/wAOftaFxZLOTJenkFdVHkXf9eX/AA5+1pQ8jTfry/4c/a0LgwuSOXKKfRK6aPI+/wCur8QftadXyRsP54vxB+1pUscvwnJHNUSpUcffXRB5J2/XB8SftKcTyWMP52PiT9pSZYcj9F80c/SGpKYUc6vi+TJh/Ox8UftKeTycMP50Pij9pSZePm9ILmijRYMc/GpsOE7/AGVcE8njC3+sjT/pn69Pp0EYfzgfFn69Il4md+i1kiVAQHTUW8KfTAAbtL3OgA1Opq3L0MIt+fHxf/3oA8eV3W/mswvu80kc+6sebFlxL7KrGRmn0Me4ToS277q2mAXNqQwsdCO8U684QFmNgBx/GtV7au1AUzZgoOgW/aI77a37qDDinkdLoPkStrYhV7CLoN7WA15XoHIhYXDKPTr43FB5sWMzZQRmFje5tfjYnSt4eRslmO8+wfj2V2YYVCJSnboncPOuPVTTvSes0qPNJy0oab7HJpCcRiAPHlUNMQqE51Vi269+z6N1NYvEKm7VqFM5OprVjxa2IyZaYWmxa6goAPCouEjDtusPlNMDEXGU7qkq+XKPT66Zx4qkDy5bYXw2zEzX18Bxq67NMeUKQFsLAfRVHhd1PnWHrtTuIEwAK5W1vmDEE+g1gyYpZNNj1NJaRdsRgirqdwHHuNEG2gI0Ub83HduoZsvGvJGGYZSBYi97241JfY6YhlDXKcUBsCe+3fXNUWpVJml7Vk0jPGWH6QIHI1z0OzzuQLWbL/d7Pr0rqOIg6uPUZVQaW4cgLVzePDkktbznYj0tet3hpJsy5ZOSCuFjKW52F6Iws+gBIqKoNz6hRbAJc23H7q1T6FIJYLDsqnO5bMLa9++ltAv4/HcKdlHYUjvHj+PmpjORa/p9fCuL5DfOgrNCGx31mTurTvp7dd9akbXdSrZdnTKru0ukvVyvDFhpsS0ShpeqyWjDC6r22XM5AuFW5tbnViqqY/ZGNjxEs2CkgAxATrFnVjkZFyCSMp53YCjI1hdb31NewMBr/TFZHRcLhpcSHhScMjRIAjs6qD1jqc11II4U/F0kd53hjwkrCN0jeQPCFVmVHNwzhiFVxewO7Sh+yOgkUU8TyBZVggijjZgc4lSWSRpeQuz3Gp3US2Z0bSPF4jFuiNLJJmjkF86p1KRlCSNNVY6X0NQg3L0uTKmSGSSWSWeGOFMmdjA7JI5LMFVBa9yeIp7C9JQzQI8E0TzSSQ5ZFClWjjaQm4JDqQujKSDfuNhY6MYmMJLBJEMRFNi3UOGMTxYmUuUcgBlYdk5hexUjUGpY2PjGfDSzSxPLDJPIVUMiAPA8aRobFiAzAlm1sT3CoQJQ7fheefDq15MOqO403MCbDnawvyzCpWx8euIginUFVlRJAptcB1DAG3HWqds/oTiIpI5xig8uaQzKyhUcTi8wVlXObMFZc17ZANKMdEsBjcOkcGIOGMUUSxoY+s6wlAqqWzdm1gb242qEMHSh/dLYY4OYFFzs5aLKIyzqsmj3sSh0tfurewela4h40bDyw9fGZoWcxlZEXIWtkckEB1NiBoakybIc4uae65ZMMkAGuYMrysSdLWtIPUarmyehmIwmVoZEZ/cfUXkeVxFMALyQkg2jY70svmrblUIWLD9J4JExTxkv7kZ1kAtclEzHLruJBUHmpp3ZG3kxDlFRlIhgnu1rZZw5VdDvGQ3qsYHoLLh8wixOdJMNJhnWRFTeGaNxkXtMHdrlrkhzqbVKw+wsfh5BJh2wxvhsNA4l63fAHBK5BuOfjyqECWzukrzTNHHhJSiTSQNNmiyBo3Ks2XPntce941H2D0yTEtCDh5YlxIcwSOYyrlAWZew5ZTYE6gXsah7D6MYnDYyWdUwhSaeaRpLS+6Orlcvkv5umndpTfRboRJhJcNIXWQpE8cis8jKjMcwkw4bRCdFZbAW3cbwheq5TiX/Ozb/Pf9811auS45/zkn9I+vC2c1y/8mrihuIE9IMUQqqBwJPiNB89VGeS5vVh6SyWC/s29VU7Ezd9B4cPohkmJSTtNY62v491O4bFX03d3LuoYSR2uNbdr9pTrxFdBwTVAcqYZfE1DxGK0qM2JuPmqK7ZjQQxb2HLJfQpULm9PHCi1KjYC3KnusFHKT9FRivYPeIinVkuQT3CpLIDTZwl9xq+afZOLXQTwzqTYnQ0UwMUam+rem4qrZHXv+ep+yMeVORr2O4n5Kz5MTabixkZ09lx2VIVLDhrarTsmcXy8xcVTTickTuozFVJXvtQDC9J5LglmDAmwQD2XrPHxOewp560dO6WYorGFv5w9l9fZVAweNUODlL2JN+Ckn1aVZOku00lTCpIAJJIQ7AkgXOUhWynjY0CxOwiBdQCPesBcekWvTceHg22C58opIMYDaAe2bKpvuuG9dqsOE3/AI/Bqg4PZ6hwCrIeakkepvpq8bHXKoBfNb11MhSCxbLpfQm4HLTWm35/j8XpOMJLC17abuPGmRJcacb79N1tfXXDzbm2GOE8/H22HiaTIuv6PpOvyUrNx/Ht76Qf2iPx4ej0UtMgZ/Ktsr4dvipPq1n5VtlfDt8VJ9WvN4rdewsxUejvyrbK+Hb4qX6tb/Kpsv4Z/ipfq15yFKFVyLo9F/lT2X8O/wAVL9Wt/lS2X8O3xUv1K87A04KHmSj0N+VDZnwz/Ey/Urf5UNmfCv8AEy/Vrz2rU8HoXkJxPQA8pmzfhn+Kl+rSvyk7O+Ff4qT6tcCQ1JQ6UDzNF8Ud2HlF2f8ACt8VJ9Wtr5Q9nn/itr/05Pq1w1Db8cqejGu/Tfpz3Ut+RIvijuI6e4H4Vvi5Pq04Om+D+EbfbzH+iuKwP6vbUtH1te2pseY4UqXlZF+F8EdhXpjhDudtP+nJ9Wue4vEZpJGGql3YfslyRe+tyDuoXBIb6HW3LQ3B1FbaQdkkjMDqNRewBU6eHy1lzZZZaUq0WkkDulhICeDD0g6/LVNZhx31fNuwdZHpqyliNDqOJ9nsqgTxkVr8NpwoKQl5KjsacJpDNW5IXIQaXGtYEp2JajeiRjswims9ZK3CsRaiWtlt29DscnfUmOSoRjpSykb6GUL6CUq7CqvTU0QNMRzU+JAaTxcWNTTQ5s/FSElAw8G425UR2fsPM4LqLb+OtzrodKAspDZluLHeOFF5NsyGMWezDS9td49FG0/RUXFf7IK45EnLa9tSQrX17J7P3VM2VtEkdXL5w0N+PfQLAZJNUORxvS+h/Z5eFFEkuRnBDjnYGgf4CmGI4Re4On49dFMDq3ePQKApiLbvlo5gH0146+gVmzS4xbDQVkfMN9rejcOfopi5AA5aczY99Nq4ItfeD8ltK28mot+iTfwG6uI9vYRMZhbXcNLcBa54U2m7hTTPqDqQPVc8PGmzIBpr9NCkSziApVZWV7AxmwaUKysoGWLFLWsrKpkFga04g1rKygZBxTTyPxrKylsslxgHj4d9KTQkg/jlWVlKZCSslt+7dv8AlqWjW1A0I011G4X1PKsrKTJFoUZSAbeda446aEC27fTjyZiGvqddde0N9vk9lZWUtosS2K7wBdrEbiLbufjTLYaOTzkF9+mhIPh4Gt1lEvr0REcbNhIvktqeJ0+Sq/tWRHksiKqrp2QBe3EnjWVlafGk222WRof0jyrWE1JvxrKytf6T2iPIliRTirWVlFekVHsd0ApmS1ZWVSLkNg8qcWc8RWVlE0habXQQ2W6sWQ/pDTuI3U0uhIPgfEVuspbVMMWFsbg+n56L4TaJIsxvbnWVlCyIMYAhz3UWE1rgcR3er8cqysrN5CXBjEPw4jerC1rH5B89Oq5bewGvpN/8qysrjuKstElnFjY6DU9wG89999IK33HT+t9FZWUpBH//2Q==','cau vang'),(9,'cau vang',50.00,_binary 'data:image/jpeg;base64,/9j/4AAQSkZJRgABAQAAAQABAAD/2wCEAAoHCBUVFBgVFRUZGBgYGhgYGhgaGxsYGhoaGhgaGhkaGh0bIS0kGyEqIRkhJTclKi8xNDQ0GiM6PzozPi0zNDEBCwsLEA8QHxISHzMqIyozMzMzMzMzMzMzMTMzMzMzMzMzMzMzMzMzMzMzMzMzMzMzMzMzMzMzMzMzMzMzMzMzM//AABEIAKgBLAMBIgACEQEDEQH/xAAcAAABBAMBAAAAAAAAAAAAAAAFAgMEBgABBwj/xABREAACAQIDBAUFCwYKCgMAAAABAgMAEQQSIQUxQVEGEyJhcQcygZGhFFJTk7HB0dLT4fAXI0JUcrIVJTNEc4KDkpTxFiQ0NUNiY3SztKLi4//EABoBAAIDAQEAAAAAAAAAAAAAAAIDAAEEBQb/xAAkEQACAgICAgMBAAMAAAAAAAAAAQIRAyESMQRBEyJRYQUy4f/aAAwDAQACEQMRAD8A4+KUtJFKWlsMcWnEptacWhZaH0p5KmbJ2BisT/IYeSQe+C2T++1k9tKx+x8RhzaeF4+91IU+Djst6CaWy0NRGpUVqiR1JjpbYVE6MVLiHoqHEamwtS3RCdE1TsOeetQoVohAtKlZeidAq8j66JQRjgKgQLRKBu+lyr2ESoo+6psQ7hUWNqlxNWeSSCRIINJCcfvp1RWwo50vjYVjaX5C3hSmUbgAKWKUCKZVqmDZH6vnatODUi1JKUDh+FqREK0tY6dKVrJS1D9C5GkhPAem9OCAnU+01oJ30vK3fToxjXTBcmNEjdYeNIK01tXFLFEztcAWW/edNPxwqpYja8qaqHYcAgLg+kbqrhboJXVlwsO7wpRFUTD7YxWfSNwpuCzAqBrYAlgLXounSIpZZI2H/MFa2nfbX0VJYmi07LAy0ndUTA7Yhk0EgDcjofUaIAemlOLQSkMu5PAeitJf/OlMKw0DYa6NmMkbx66baG3GlE1pnqm0WkxPUn8GlWPvhSc1JvQ2Fxb7PNQrrPQzyWw4nCJiMRNIrSjMqxlFCqTZblla5Nr6Wte1cmFen/J9/uzCf0KV6yTpHKKwPI7gfh8V/fi+zqt7U6DHBbRwS4aQOsznJ16h8rR2Z8wXKHXKbgCxuLXG+nejfT949o4gY7Et7nXrkQZMwVxKoTRFLeaGFGsd0pwuN2ns0YaQv1bzl7o6WzRdnz1F/NO6h2uyFo2n0UbEC0mPxar7yJool8LJHcjuJNKwHRp4FKpjsU62sEnMc692YFAxHcGFRPKTtKbD4B5IHaNw8ahlsSAzAHfcbql9BMZJNgIJJmLyMr5mbQmzsBew5AUHJ1ZChdE+hUeLbFHEO6vFiHjIiyKlx2iQGU2F20HAWoftfo5HDtKPBo7lHMN2bKXAdrNYhQOGmlX7oF/K7R/72T91arfSj/f2H8cN++aCSCTJXSboRh8LhXmjklLJlsHKFTmdVN7IDuPOqZhzXWvKGP4vn/s//Klckwu6lZFTLjtBKE1PgqBDU6Cs8pBoJQURgWh2HNEoDSpyRaJsS1LiFRYjUyMUp0ESVFbtWk0pYNCmiOzB6q3l76UBWFaYl+g2ay1lbBrV6jivRLNNSLU5WmNC0WmYgFJncKrMT2VBJPIAXJrYNDOk72wkv7IHrYA1adqiJbKR0k6UPKciL2QbhbZiTzNVfEdIpE0Vjn4nQ5fXcd1rUP2jiLsQpOmjndrfzQeW6hbOBwHrI+fWt2LAquWxzlx0g4u2pRbPIB3mxa3IDfRvZnSWTRQGce+bQfNVOgxiruCjnZRc+m+tT4dqJxYgcjYj56LJhTXRcZnQMJjGJ1UetSfRcfPVgwGOO4jT1H1H5jXNsFtGI2Gcd18y/IbeyrLgcUdCGuPEMPWKxZMTiM1IvCuGrTig+Cxd6Lo1wDWTJGugKpmiKbNOtWjSRiYwRWtadYHhScooaDTPNQr0/wCT/wD3ZhP6FK8v3rvvRFtrYTDJh3wSSiMWRhiERgp1CsLEG17X00A8a9bLo5AO6L+T6RMfPLjIYpIHExQMVk7TSqynKRocub10T25sfDYfaWyzBBHFmkxAbq0VM1ohlvlAvvPrprY3lFmxU74aLZ5aRAxdTOqhQpCNqVt5zAac6rnlNwm0sQYpJcKsUSMI40SRZWLykAE5bEklVAAGntoVyvZDp3S7by4HDNiDH1lnRcubLcs1t9ju37uFP9Gdrri8NHiQmTOG7ObNlysVtew5cq51sTojIkCJPshJXAJZ2xYUkkki6gkKQDbTlTPSPolM8IGH2WuHdXDFkxIkZlCsCgUkXuSD/VoXSIW3oCfzm0f+9k/dWom2+jOJl2rFikVeqUw5iXAPYYluzvqseTPEY2NZuogEsRcB1aQRskgG8E67rAgjgN2t7Ftfp7NhXEc2CZWZcy2lVgRcjQhbbxu4UmWT7VVh8WHfKGf4um/s/wDypXJcNuq97ZfaGPwqLFhVSOUJIWaVGZl0dQBplGgPPhpVU2JsTEYgN1SFgpszEhVB97cnU9woJ8pVotUkZDRDDmpsfRDGDfGv99PprWK2XLAVEiZc243BB7rjj3UiUZLdBJoew9EoKGYeiUBrNJhE6I1NhqFEamxUplkq1bFYorDQ9Fig1KDU3WUxTaKoXespIrd6tT/SqMNJNYa0RQyl+FpClNAumUh9ySBfOI9gNz8lGXawql9JMYwJJPZAIy8GB58/uqRk7QUYWzlWOBWwbeAL6H0n20OBW9j8lSNrN2zY6X0vv++ndkYEk52GnAfTXcVRhbFqUpSpCoIV0Jv6F+6iMaKBcFh/UU+wgUVwERbQanlpf1VYcIrLw5HiKzSzfw0xxlKTEJ75L8MyMh/vKamJiSvaClRbz47uB+0psbeg1ejGjAh0BHEMAfbQnF7BgbWMFG3gozqPSAaF5YewuEvRE6O7bJkWOS2ci6sp7Mi8GU/N410aHzR4VzLBQxxYhEldiwOZTIobLe5FnUAi+U7uWtdNgcFFINwQLGsPlpX9eir/AE2aSSaWaSVrJQViCa1fupZpFVQSkeaq9X9HcV1uFw8nv4YnPiUUn215Qr0r5MMV1my8Mfeqyf3JGQewCvUz6OUUHyWH+OsX+xif/Zjro3SfEWn2envsUWtzCYeb52B9Arm3kua22cXr+hif/Zjq4dKsR/G+yowdxxDEftJlB/8AiaGUvvX8K9Fj6VbeXA4ZsQ0ZcKyLlUhSczZRqaVsHawxmGjxCoyCQMQpIJFmK6kb91NdLcFhp8M0eLkEcJZSXLrEAwa6jM2g1p7o3hIYsNHFhpA8Kg5GDq+YFiT2l0OpO6lTpxoJaK90DX85tAW3Y2T91an9OOjwxmGsg/PR3eM8T75L8mA9YXlUXoEfzm0f+9k/dWrHBtGNp3w4azxqjleaPezLzFwQeWnMVXBKTaL5DXRb/YsN/QQ9x/k1oV5Of9j8ZZv37VahVS8nTf6l/azfvmjk0iuySnShTjTgxE2YErnzC2iZ91r91N9PCRhlv8In7rUI2c+HO1MUkq5pGZOq0NxaMl7EeabWqZ06wiJh1YLY9Yg85jvVt9zakTlcWGl9kV/CvoKKQNQXCPoKKYd650mP4hWFqmRGhsT1Ohektl8Qgp0rd6aVq3mobJQ5esvSAay9EVQu9YTTdavUslDpNIJrWatFqhaQquf9NkKl9NLhu6xH01fr1Xel2yTNHnW10U3G64GunPjVw1JMOL3TOOQ4MPJmbhrRCQlTYDS1PPBkJ7zT0YDDKRc8uYrpPJyf8LhDigWIpSc0bi41Gtj7KsOxulEl+rlTUaX338aDe5HRjkIsTuYMCPCw7VP4bZLvIuZtTbcLUyTTjsqMd6LzHjgW3AezQ+FKkTW4I+S9UXpDPJHJ1OawFhm5mwPz1IwmAkUB2lYqO2QTfsgXNvRWd4k422M+Rp6Qa2Ts/wB04t2J7KOPRk0sPSCP6xroRqrdB8E0cJkcWaQ318ST6zViZ6xZpXKl0tARV7Hr1omms9aL0ogpmpGaks9N56gaPOQrtvki6RYaPAtHPiIomSZ8qySIhKsFYEBiLi5OvMGuIilV6mUbVM5h6gTpDs0EsMXhAx3kTQgnjvDa1zzbm3cO+38LIuIjMMSBTKHUxglZSe3fL+ko3765IopQpaxxRDuXlS2/hJdnPHFiYZHLxWVJEdrBwSbKSbADfTvk+6QYWLAQRvioEdQ4ZGkRWX8451DMCNDeuFBqdR6CeO0kEtHbehHSDCpJjy+KhQPi5HQtIi50IADLmIzLpvFV3pL0kWLay4rDOsqqkasUYMrr2s6ZlNjoR4EDlXO43FPrIBQMJUeho+lWCYK3uzDi4Bs0qKwvrZlJuD3Gq15PekWGSBopJliZZXYF2CK6u2YFWaw5i176d9cmicNzqbEKU9P/AKEkmju6bewF8wxWFze+6yO/rzXqt9PNu4eWFIopUkYuGPVsGCqoYasugNyNN9c1jQVOgQUueX61RccauwxhX0FFMO9BYXqdDON1xflfWsMh6DcUlT4XoNE9ToHpEmFQXR6cV6go9Pq9BZHElBq3mphDS71fIGhwmsvSK1mqWVQ5mrV6YeYCmvdy86OmUTb1D2o9opP2T7dKT/CEfvhQjb+24xC6Brsy2FWkwl2c+2udT40Ogns2p1rWJxmpJqI2MAsWUnX2GulixyqhkpqJckx4eOy3LHRQOZ50/sbAuZLn9HeDvueFVZMWjqArFTwZSBY2opsfaWLBIsZDp29BcDQZuRq3hkkF8sWE9tbMEp1A0Otxoe7TUEc6JbI2RHk6tALMRmNyezvbVteFvTTahma+nasSBrY8d++rHgML1aWPnHU/RWPJkko8bJPj2SSbaDS2nhTTNWSSW31GM4rLQKkiSHrC1MK/fS71CG2ak3rDTdQs89CjewdjrOsrsxAiysQoBZlyuzhQT2msmg7yToDQQUf6Oo4SebOyxwCJ2EZAdnz5YQrMCFszElrHQHQ3r1LOYuxf+jh7DmReqZEd2JymPOsZs2h4yqAba8co1DON2C8cpizC6RmR3a6qgUlW3XJFxYaXNxpVmi2dIZC0c0siNhkxEUK5FlcMFQx6qVOULc2U+aLC9V/bUkkGKISV2ZURLtZmXMl2hfTK5UkqeZoU7YTVIcXoy7WyyK2ZEK29+7YYFWF+yAMSCCL3tuF9GtqbDaIMwYMiqrXJszXZUvlt2e03mk3A366UaxODdfdEKTydfhY0mckrkcL1JcKAoZCmSOxLG+QaCoG1pD7jgdZJCs7TB0YIFBjMZuoVRYFje3d40JbSG8F0fd3C51yjqi5XMSolyZfOCqSM66Zhv0vY2Y2dsx5VQqyDrHMaqS1yyqjNoqnQZ1176nbD2rfJFLLN2niRFjVMy2IAOZwdAVTs2JOVdRl1lw4b3J10jSu0eHmMCCMqpd3AzntBgLJGptrcqoBFr0LJSBmJ2dJEodyuuUEK12UumdQ3K633X800iKdh31YsZhkOJXCzyysM0SxdWqLdXjQJI+a92swBA5MRa9qibO2RG2Ikgd2OTrcrpYA9WHJvcHflG7vpMqCp3oG4Y2N/SBrxommNUDXf8p8aFonGo8wIYX53HL20DgpPZFJoOjHO/m6Djb6adhNV2SZ0LFV84HtL2iNLXtuoqcSwbMoPmCwbTtX1JG8W107qCeGugXJt7LBhpGG5iPTRLD4uT33yGg2CxKZRmcXsL30v3gcqK4eaP3wrDkVdoZFy9BnDY5v0rEeqiuHxStxqumZMpF+eo19dKge2gsOPz1hm/wANEeTLbGRzp0iguz5Re999HeyVpuKHJNgTk0xhmtUPEYnlWY2YDdQfE4kA8PGmY4bCq0Kmx1s1CX2gLb7Eiou0sVa+vA0ExOJtxrZDFYLZOxe0SONAcViyTv76W+Zxpu5nQU9s7AIz3PasBflYcBTGoxQUFJsGR7Nmk7SxsUvqQCfVzrWKwD/Bvp/yn6KuDbVEYyCKwtbed1P7GEct7OwPCxB17waiztehrxK7s5yMNY7yh8OO/UcDU7D4iXNcPfwBtb11fekmAMkea13TQ23le75R6armGwYjYEX1AGu8aab/AArRHNyiZ5x4ss/RiRgAZNW79bHv8Ks+YnVTfwqnRzBRRHZ20zz0vppv7hWTPCHbLUZPoMOvOmHFGMNOCNaj7Sw36ajS2tufOs88DUeSBU90CySKeik50ywpBxKKbFrHfakVYfKifcUnOKhpMri6m9ZUovkcGFGdi7TSOOeGQMY8QiqxSxZWRs6MASAwB3i4vffQcCtgV6hmFFsHSWMlktIiCCLDxSIV65FjbMW3gds3zAMNLC5tUXbO14sQ7yMkmcJEkT5lBLIQGkmFu0zDl99V9RTirQaRfJss+P6QxyNiJUR1mxMaxSZsuRB2OsKEG7Zsi2BAtc6moeLxsT4WGFRJnhaRszBQrdYVLDQki2XQ8e6hCrTqoKBui7Yd2dj8HFK8ix4gbhEQ8ZeO6gO12Wxe97GxsDz1Cv4QgMcuHySiF3SRGBV5VdFyuWzEK2cE7rW5GgyoKeRB30DkXbLDDtuJpZJ5I5Q7BUj6tkHVIqBBYuNXKi2a2lzaxpvZW0IYpnkCSZMjIi3Vn7aFGZyTa+t9BbXhQlUHOpCJ30mUkXbG4X1NibbhcW079aYxEbsbAaDdRAIONjTiop4e2l/JTuicQXDG4bS4NjqRe1xr7ONblmbMdCRpe48BrRuNBY3G8c6GvgZCGARtwtbuP3UUcsZPZajREbaIvuPqFSIcad9mFtdw+mtfwRMf+Gd/sojj4es/ko7KMylmuCeALE6A924aVJPG+qDimO4bFkgEE+mieHxpFgSaDYDAyIouhO/UajfwPGpq4dr3KkD59KxZYwbaHwLTszGi4vuvr30exWOuLg1SMM5Fh/zX9Fhr7DW5doMHNjpWaEGnS6DaT2EtoYpxqrX7qD/wpmY679bcmG8fjnWYjFX1vQXErmYMuhB15d9bMWFR2ypSvSJ2LnzGm1jSxLC54A7vvphn/wA61Nj0C5eNObb0ilBLbNYiU7gNPxwp/DXCXVrMfXVe6/U3b20uTawW1jej+GT0i/kSDEe1JY3HWKwBPnN5p7r1cAomVZ4SBKo1A3OPet3jgar2x9oRYqJoJW7J0FxYqeBvzqDsQ4iCVljbNGrMoPMAkUEoqn6a9FqTtFvxG2FljBW4fzXX13Bpo4LMt7XP3UMwiBZGBvdyW9JYn56s+Gw5yXtXOyN8rRpTSjRSMQzlrEXINiNb+Bvuo/sxwi3ItyvqSTT21dnK/wCcAs43kaXHC9BJsURIVJ8wADxsCT3nhWrD95L+bEZpVEtuHxeup8e6jWAxdwKpeFmuRrpy+mjmAmvatbVGRombbyxENuD38Aw3+HP11S5o2ZmYm/a38yfu+SrztWLrIDwKMrA+BsfYTQGPBEDUg3421rHOUYSteyK2AoWZTdSRw08aKEc3F/Gnxs7v43Fxu3097kPMUDyRYVHERSgK6/8AkQb9eHxH/wCtb/Ig368PiD9rXoKMdnIQKcWut/kSb9eHxB+1pQ8irfrw/wAOftaFxZLOTJenkFdVHkXf9eX/AA5+1pQ8jTfry/4c/a0LgwuSOXKKfRK6aPI+/wCur8QftadXyRsP54vxB+1pUscvwnJHNUSpUcffXRB5J2/XB8SftKcTyWMP52PiT9pSZYcj9F80c/SGpKYUc6vi+TJh/Ox8UftKeTycMP50Pij9pSZePm9ILmijRYMc/GpsOE7/AGVcE8njC3+sjT/pn69Pp0EYfzgfFn69Il4md+i1kiVAQHTUW8KfTAAbtL3OgA1Opq3L0MIt+fHxf/3oA8eV3W/mswvu80kc+6sebFlxL7KrGRmn0Me4ToS277q2mAXNqQwsdCO8U684QFmNgBx/GtV7au1AUzZgoOgW/aI77a37qDDinkdLoPkStrYhV7CLoN7WA15XoHIhYXDKPTr43FB5sWMzZQRmFje5tfjYnSt4eRslmO8+wfj2V2YYVCJSnboncPOuPVTTvSes0qPNJy0oab7HJpCcRiAPHlUNMQqE51Vi269+z6N1NYvEKm7VqFM5OprVjxa2IyZaYWmxa6goAPCouEjDtusPlNMDEXGU7qkq+XKPT66Zx4qkDy5bYXw2zEzX18Bxq67NMeUKQFsLAfRVHhd1PnWHrtTuIEwAK5W1vmDEE+g1gyYpZNNj1NJaRdsRgirqdwHHuNEG2gI0Ub83HduoZsvGvJGGYZSBYi97241JfY6YhlDXKcUBsCe+3fXNUWpVJml7Vk0jPGWH6QIHI1z0OzzuQLWbL/d7Pr0rqOIg6uPUZVQaW4cgLVzePDkktbznYj0tet3hpJsy5ZOSCuFjKW52F6Iws+gBIqKoNz6hRbAJc23H7q1T6FIJYLDsqnO5bMLa9++ltAv4/HcKdlHYUjvHj+PmpjORa/p9fCuL5DfOgrNCGx31mTurTvp7dd9akbXdSrZdnTKru0ukvVyvDFhpsS0ShpeqyWjDC6r22XM5AuFW5tbnViqqY/ZGNjxEs2CkgAxATrFnVjkZFyCSMp53YCjI1hdb31NewMBr/TFZHRcLhpcSHhScMjRIAjs6qD1jqc11II4U/F0kd53hjwkrCN0jeQPCFVmVHNwzhiFVxewO7Sh+yOgkUU8TyBZVggijjZgc4lSWSRpeQuz3Gp3US2Z0bSPF4jFuiNLJJmjkF86p1KRlCSNNVY6X0NQg3L0uTKmSGSSWSWeGOFMmdjA7JI5LMFVBa9yeIp7C9JQzQI8E0TzSSQ5ZFClWjjaQm4JDqQujKSDfuNhY6MYmMJLBJEMRFNi3UOGMTxYmUuUcgBlYdk5hexUjUGpY2PjGfDSzSxPLDJPIVUMiAPA8aRobFiAzAlm1sT3CoQJQ7fheefDq15MOqO403MCbDnawvyzCpWx8euIginUFVlRJAptcB1DAG3HWqds/oTiIpI5xig8uaQzKyhUcTi8wVlXObMFZc17ZANKMdEsBjcOkcGIOGMUUSxoY+s6wlAqqWzdm1gb242qEMHSh/dLYY4OYFFzs5aLKIyzqsmj3sSh0tfurewela4h40bDyw9fGZoWcxlZEXIWtkckEB1NiBoakybIc4uae65ZMMkAGuYMrysSdLWtIPUarmyehmIwmVoZEZ/cfUXkeVxFMALyQkg2jY70svmrblUIWLD9J4JExTxkv7kZ1kAtclEzHLruJBUHmpp3ZG3kxDlFRlIhgnu1rZZw5VdDvGQ3qsYHoLLh8wixOdJMNJhnWRFTeGaNxkXtMHdrlrkhzqbVKw+wsfh5BJh2wxvhsNA4l63fAHBK5BuOfjyqECWzukrzTNHHhJSiTSQNNmiyBo3Ks2XPntce941H2D0yTEtCDh5YlxIcwSOYyrlAWZew5ZTYE6gXsah7D6MYnDYyWdUwhSaeaRpLS+6Orlcvkv5umndpTfRboRJhJcNIXWQpE8cis8jKjMcwkw4bRCdFZbAW3cbwheq5TiX/Ozb/Pf9811auS45/zkn9I+vC2c1y/8mrihuIE9IMUQqqBwJPiNB89VGeS5vVh6SyWC/s29VU7Ezd9B4cPohkmJSTtNY62v491O4bFX03d3LuoYSR2uNbdr9pTrxFdBwTVAcqYZfE1DxGK0qM2JuPmqK7ZjQQxb2HLJfQpULm9PHCi1KjYC3KnusFHKT9FRivYPeIinVkuQT3CpLIDTZwl9xq+afZOLXQTwzqTYnQ0UwMUam+rem4qrZHXv+ep+yMeVORr2O4n5Kz5MTabixkZ09lx2VIVLDhrarTsmcXy8xcVTTickTuozFVJXvtQDC9J5LglmDAmwQD2XrPHxOewp560dO6WYorGFv5w9l9fZVAweNUODlL2JN+Ckn1aVZOku00lTCpIAJJIQ7AkgXOUhWynjY0CxOwiBdQCPesBcekWvTceHg22C58opIMYDaAe2bKpvuuG9dqsOE3/AI/Bqg4PZ6hwCrIeakkepvpq8bHXKoBfNb11MhSCxbLpfQm4HLTWm35/j8XpOMJLC17abuPGmRJcacb79N1tfXXDzbm2GOE8/H22HiaTIuv6PpOvyUrNx/Ht76Qf2iPx4ej0UtMgZ/Ktsr4dvipPq1n5VtlfDt8VJ9WvN4rdewsxUejvyrbK+Hb4qX6tb/Kpsv4Z/ipfq15yFKFVyLo9F/lT2X8O/wAVL9Wt/lS2X8O3xUv1K87A04KHmSj0N+VDZnwz/Ey/Urf5UNmfCv8AEy/Vrz2rU8HoXkJxPQA8pmzfhn+Kl+rSvyk7O+Ff4qT6tcCQ1JQ6UDzNF8Ud2HlF2f8ACt8VJ9Wtr5Q9nn/itr/05Pq1w1Db8cqejGu/Tfpz3Ut+RIvijuI6e4H4Vvi5Pq04Om+D+EbfbzH+iuKwP6vbUtH1te2pseY4UqXlZF+F8EdhXpjhDudtP+nJ9Wue4vEZpJGGql3YfslyRe+tyDuoXBIb6HW3LQ3B1FbaQdkkjMDqNRewBU6eHy1lzZZZaUq0WkkDulhICeDD0g6/LVNZhx31fNuwdZHpqyliNDqOJ9nsqgTxkVr8NpwoKQl5KjsacJpDNW5IXIQaXGtYEp2JajeiRjswims9ZK3CsRaiWtlt29DscnfUmOSoRjpSykb6GUL6CUq7CqvTU0QNMRzU+JAaTxcWNTTQ5s/FSElAw8G425UR2fsPM4LqLb+OtzrodKAspDZluLHeOFF5NsyGMWezDS9td49FG0/RUXFf7IK45EnLa9tSQrX17J7P3VM2VtEkdXL5w0N+PfQLAZJNUORxvS+h/Z5eFFEkuRnBDjnYGgf4CmGI4Re4On49dFMDq3ePQKApiLbvlo5gH0146+gVmzS4xbDQVkfMN9rejcOfopi5AA5aczY99Nq4ItfeD8ltK28mot+iTfwG6uI9vYRMZhbXcNLcBa54U2m7hTTPqDqQPVc8PGmzIBpr9NCkSziApVZWV7AxmwaUKysoGWLFLWsrKpkFga04g1rKygZBxTTyPxrKylsslxgHj4d9KTQkg/jlWVlKZCSslt+7dv8AlqWjW1A0I011G4X1PKsrKTJFoUZSAbeda446aEC27fTjyZiGvqddde0N9vk9lZWUtosS2K7wBdrEbiLbufjTLYaOTzkF9+mhIPh4Gt1lEvr0REcbNhIvktqeJ0+Sq/tWRHksiKqrp2QBe3EnjWVlafGk222WRof0jyrWE1JvxrKytf6T2iPIliRTirWVlFekVHsd0ApmS1ZWVSLkNg8qcWc8RWVlE0habXQQ2W6sWQ/pDTuI3U0uhIPgfEVuspbVMMWFsbg+n56L4TaJIsxvbnWVlCyIMYAhz3UWE1rgcR3er8cqysrN5CXBjEPw4jerC1rH5B89Oq5bewGvpN/8qysrjuKstElnFjY6DU9wG89999IK33HT+t9FZWUpBH//2Q==','cau vang'),(10,'cau vang',50.00,'','50'),(11,'cau vang',50.00,_binary 'data:image/jpeg;base64,/9j/4AAQSkZJRgABAQAAAQABAAD/2wCEAAkGBwgHBgkIBwgKCgkLDRYPDQwMDRsUFRAWIB0iIiAdHx8kKDQsJCYxJx8fLT0tMTU3Ojo6Iys/RD84QzQ5OjcBCgoKDQwNGg8PGjclHyU3Nzc3Nzc3Nzc3Nzc3Nzc3Nzc3Nzc3Nzc3Nzc3Nzc3Nzc3Nzc3Nzc3Nzc3Nzc3Nzc3N//AABEIAJAA2wMBIgACEQEDEQH/xAAcAAACAgMBAQAAAAAAAAAAAAAFBgMEAQIHAAj/xABKEAACAQMDAgMEBgUJBQcFAAABAgMABBEFEiEGMRNBUQciYXEUMoGRlNEVI1KhsRckM0JVYrPB0hY0U3PhNURUdJOi8CUnNjdD/8QAGgEAAgMBAQAAAAAAAAAAAAAAAgMAAQQFBv/EACERAAMAAgICAwEBAAAAAAAAAAABAgMRITESQQQTUSIF/9oADAMBAAIRAxEAPwDigqRa0WtlZfNgPtpbDJlqdKroykgBlz86a9C6N1DU9PTU5LmwsNPbP85vLgIOO/Hc0DTLAkflVuA0xJ0Xa3bbND6r0bUZh9aEt4DE/wB3JIYfHIoHeWs2mX89lfAR3EDbZE3A4OAe4+BFKpNBIng2+lX4B286GwMu3cGG31zRC3cEe6QfkaTQQTt/dx3olbk5HfHpQ635xmilsBkUmi+AnbBCRlP30YtY1IG1MUKtQOKK2xHoaTWvYQQgixzgUSgBx5D7KHwtRC3PrWWtBIkZCeCeK8qsDhQPmQKl4xyM1kYPYYFCp52W2alRj6i5PcgVp4Xrg/ZUwbHkK9RVKfJWys6t61GEyeauFK0MYFLcchqiJYgfT7TUywFhguu34NxWAo9K3EYPnj50cQvwF0yNgEJUKrD1xUOUblWUj51rq10LDTbi4BQlUJUHuzelc/uL2aX34Lm3jfzEzkBPhxwavw29BSm1s6AjRt9VlOO+PKtmGa5rZ3k8c2+TWIdh7KmSM+uSBR+LWNViG6SO3uYhjDpNgkfaKq8PiEk2M5TzrG5vQ1XsdRju1BeFoX9CwP8ACr2f7w+6lOWgtnyhboJJ4kbOGdVOPQmvrYJo3TXTkcssEFtYWsKkkR52jA57c18lWf8AvcH/ADV/iK+oPacGPs11MKCT9GXgfZXqa/DnBixOh9VaF40EEF1p14rpzFgOASp8uOQaW/Y/p1jb9B2E4t4y8waSSRlDFjk+vypS9nnTnWV70fZT6R1b+jbKQy+FaG1V9mJGB5PPJBP207+ydd3s80n08Jhn7TQPhcFBbQtb0LqJrpdJaKdrV9k36nGwnPqPgaBdH6daWvWXV0MMEaxiaFlTYCF3RBiBnsMk8VP7PdB0TRX1X9A6wmpG4nVrnEqP4LDd7vu9u571J0zj/brq8DsJLb/BWhZaFmKKM+2/wzGm0Qk7doxnwjW3tkVI7rRtiKu5Z84GPNKzD/8AvNjg/wBAefL+iNe9tP8AveiD+7P/ABjpVr+WGuxMt+wopb9xQu3PaidseRWOmMQXtfKi9sBxQe17ijFtSbosJQir0PAqjBRCDkUh0giwBxWQvxrUVupqprZTRnH90VkAVsCDWuadxork9WpXNZrBNC0iGBwa3HvYBx86j862J2rnPbk0Kei/ZxzrXX5rrUJxJK626SMqKOQoHAwPMmki6vJZv1aMyxL5EjJ+dXeorkzX1ywLbElYBT2z+1QB97tgAcfCup8fDKnY11roLW28MPBeIN5bm3EfZ5Uw6Zdyxf0tzNID8doWlG3t7qQ+7JIB5EHH+dFLeG8iAPj3K481QN/A0WTGqRc2zoenagMDJlCjzzu/eOR99MsOpkxKRLxjzwf8q5bZahNbn9dcxOR/xUZD/CjS64yqAbS4Jx3VNw+w1hv473wNTT7OS2iyPdQrBG0spkXZGoJLHPAGK+m4vaDo8ejxy6taanZhY1EyXGnSlUPY5bbtI+Oa+cemro2PUel3S94buJv/AHCvpb2rHPs+1v08Hj7xXZv0jlkMftB0NtNN3o9vqN6gDeFHbadLtkb0DbcDnzz61zT2edSdSQQnRJbqexsbKNlLR6Q1yyvke4wHbgk10j2MH/7a6OB6z/48lFui5Y5tFlvEXAnu7iUkd2zK2PnxihWltIhzTTILjpCx1WbpvWdSuLuceKYZtAkAlcZwNx4Hc1J7Oesrj9Naxdazb3E016Y2kmtrZmCMqhdrKvI4FdC6V6wsuq/0gthFPH9BlEcnigck57fdQzpaFYuturo402frrdiF45MSkn7zSMlvlaDlIlm9oHTdvdFJnkjueBh7ORX54/ZzSd7S9UfWryxkt7G8S1tEcNcTwNGrM5XgZA7be/nmmP2ldNC9+g63Zr/ObOVBcccvDuHPzU/uzRr2jqG6XkVgCGuIFI9QZBQzDa5Ze0ujlVnp99MiyRWVy8bDKusRII+dEksbuBPEmtZ40HdnjIA/dXWdb1O30LSHvZo3MEO1dkQGeSAMVra3sesaELxISILiEsEkAzjB70FYV+kVs5va9xRe2NAdNkzHyc4o5bNXOsdoKQYojb9qG27UQtz2pDZei1jivV4nmvZqtkM5NeBrGa9mrTJo2zWpJr2eawTROmyaPedCdf1F7S1PhKGduBntRTNAOr42FgJI1OckHHy4oF+BzK2cS6xmUX0vggFGYtx5E9waDaXaPdz7nyIx5+tEtRtje34RiQu7nnvV3AtAI4UwmO4ruLIoxqV2Asflbb6L1jpVvIELRNj4OaPwaBpU6ATQuCB33sP4GlO1vdWs5PpFsyyRj6yAg5Hypy0PqS31KEk2vhyAcrSbVyt7NEOXxo1n6Ttwu6yvbiHj6kh8Vftyc0Hfpu8Riqx2zAf1kDqD9gfinNXjuYcoACO3POK0w44IB+IIpLz5F0M+uH2cERzG6yJ9ZCGHzFfUHXAm1X2YXItInnmnskKpGu4seOwFfLort3S/tj0TSundP0+9sdTe5toFjkeJIyrEDyy4Nde0+NHIG32ZeLo/sysjfwywS2sVxK8cqlWXEkjdj8MGrHsnOfZ3pOf+E2flk0m9Te2PQ9U6f1GxstP1Jbi5t3ijaVIwqlhjJIcnz9Kp9E+1XRun+lbTSbqw1GSeBGVmiWMqck9iXB/dS1Fc79sg+ez5ek45NV/2Rnd3aYfTN4k91/ex9dR/e7VN0z/+c9Yf8y2/wVrkfs566sel5NWe+tLuU30wlT6PsOzBbg5YftCjui+0/S7LqPXdSl0/UGh1F4miRBGWXZGEO7LADtngmgafkwtHWrDWbW71i/0tH23VjsZo/VGHDD4ZyPhihntGYDphv/NW/wDiLXIJutSevD1Lp8EscJAjeGUgO8eMMDgkc9+/kKYOq/aPp+uaNLY2Fjfw3DOjo9wI9gKsDztYk9qGra6LUD/7Qo5rjpO5SCGSZ90Z8ONclgHGeKs2lnY3OiiaDTjaxtESsLqVZOD5Z4pTtPazpwgjNzo+oCfaN/gmNkz54JYH9wqW79qNjPaypZ6Xf+M6FV8YxqoJ9SGJ/dQbXbZfjXQsaVIPD4xR61k+NK2mkrHg0ctZPPyrlX2a0hhgkolbvxQCCWidvLwKz0y/ELB+KyGqosmakD0KZTksZrU1pur26i8itG+azuqPdXs1EyaNt2aralaLf2Mtq5wJB3x2qfNezkjHer2X7OJazpp06+nRiCY2K5HY81DBslHgsFYntk8EUT6smWS/uADli7A/PNLcLvDMCF3fI10MO6Wx/HsuLpF7ASELxxMc+8g4+3OKv6NpDQxXl0kpMkSMyj9o47VP9OW6SG3uZI7fec7pD3+FHtLt4YdKkkSXLNyVzmmXkrx6LUIQrDxr+/kW5vXt5gfq7tufl60d3pY/zabx5XTu4888/wCdG9PsLeK+EixeI7tkHjAPwH/WmyLTrIRjxofEkOSzbR3NJy/JS1pC3j0z5mWpVjcrv2NtxndtOMdqiFPnTF7cSaLawWtlcy/RpHw8bovivlm2YYguArbsDkEA+dd1nMQkgNsD7G2E4D44J9M1kMOee1PEtwP0JdzW2kPBDcQSPkGNSAWYGTbnftyQp4wNtRaBcpcQrFYaYZEAiSRT4SL4oSQLtdiNzlmBA78HFDsIUY92zeFO3ON2OM+mamjlIHJApxu763u7G4u30iXwLRirs4TMUjMQQwJzyxBzjv8AKtOkpIZobcW+nyTXlqsa+6I4xuEpbcHJHvEcYJ58s0D0y9CykzY4OKu2842++e3wox0xaB4o7W40ppJLYSQS7ljUvMTkL72GLBfIc8dqi1fT57pn1Cx090sIkG58KmfeI3eHncB2GceVKuUEt9kQuUjVW+sCcceVErOQSAMBj1B8qDPYXMFtDdSQ7YZ8+E+5Tu8+wOR3HevPcyQAFchj6VmrGnwglehqW5jhUNI4UelWINXAbAjYr655pMjvVWWNrh1w497PfNFILuNRE75RHi8TnuB6Y9aRfx9EeZ74Ha11WFsbty/MUXtdQtzgeKB86ULNd6AgY3DOCKLW0RCjyFYMkShs5WN8MocZVgR5EVZTOaVVmktpVCEBPX1ovaalI5UAA88msrrT0O3tBnHFezW8atJHu4qpdyeEPexTvraSYua2zaWdYu55qhc6kUUMpHJ7VSvLr6wLAnH20s6hflSFBPutWjHi2Wxkn6hMOMgE486E6j1rJCn6lVDY70q3WpMwIYk0GlM90xWMZ94cnyrSvjSuWUnyQ6tfNLcySl/eclvtNUJXuYlRkdgSdx4pv03QNNWPxNVljaRhkLvxt9KlTpy3vmfw4pWVeSY5QSB680+M2OOBlYqYpR6p4wEF8AEYY97lfnTB07e6dEVVbueQ/VCM3u4Plx3qPXenP0ZJF9DleSGce7vx38wa9oemqrh5lPiKex7CtFOLngS3UM6RotlHDGLhsZx7g9KK70PO/H2UvWGp/Rwsbn3O3rRlJ7R1DEEE1ysuDVdhOqrs+Z17079O6pp8dnoMk93Hbvo11cSzRucNMkmCCnHJyu3HekgCthmvRMwo6Bca7p0/TUkLzQkPYuiYJF0kzSFvCxjmLtVHT306HTv0Z+lLbfbapFe/SPeVJU2AMFz/AFlPlSioPrUqqaDhBbbGu4v7W/g6pn+kQQPqM0T28Lth2CybjxjjjFVdCstOjvre5u9Ws9kSJcLE+9QZfKNsA42nGSM+g+ARE+JqZIl9aB0ixxj1Czc2hudVgaax1VryebaVE6uASUHmQRtx3rSGS1FlqVzHqVrFc6kXLxMGZoot2QgAGCzcZ5AGPPvSzHGP2j91Wo4x+0D8KTVotNhW8uIP9nNMhjmiaeOSR3hDcpvxjNDLtwIfqbt3GB6+tTJED32nHrUyxRHjn76Q7SL5YHRidiTRhkzyp86sm5SHZCI1RQoXC87aLwQR7wWBIXzOKoT2Vy5lEUMjAj3SFznnNEs009Mik2TWzEdqXBCjy3URtOoZ8geOMHgZNCLTSJ1uopLq1dIFbMjBM4FWLuwmlnVrK3aOEsCm5uSPP5/ZQXGKhs7GW31eQt7+DnuaNafqe51O7y7A96U4re4VNpglDfEVds90BG7PY5z5cVy8mGPRpl8cnTYr8R2aMjbmxzzS/q2tSxksyZTPcGgcuqTW4iRG/q+8KqXV/wCIN2R8qOIu0tkUzPJbl1jxnc7ux4Oe4Pagd3cNLKxDVRbK3IeE4jIIYHsK3WVUfc/C+dbpShcA+Pkby28cB3ySGRsZxjitbR2muMr2TnbQ/VNQRiDbPtXPNVV1NYEYtICaP67pBJzIduNYhN0I7yBV545IzTVZRJYwxalpu+S2x+vgZssv95f8xSp0/qthqkclhqAj8OVcbmX3l+INTaHPqmi6nPYwyLdWiMV8XvkYoKxpJ+mgle2hu1ma0u4YBCEljlIdfVTQa8gNivjAE7uMYrGkRCORocneG3AY9aZ57QPbeFPHujdcEGsDy3N8Pge5jXK5E7T7h7i6/WMcKe23vTOJLeMBWyxHck0BvbdtGWZ42LJwELdxk8VCmo7UABBHqRmtmGFk3dcmXNXi9I5WK3Ar6b/kd6K/s6b8XL/qr38j/RP9nT/i5fzrt6OXs+aFFSKCSMV9J/yQdFDtp0/4yX/VW38kPRn/AIC4/GS/6qFwWqPnJAfOrCLxX0N/JH0aP+43P42X/VXh7Jejv/BXX42X/VQPE2X5HAokzVuKMeZxXdl9lXSS9rO5+28l/wBVb/yX9KL/ANzuPxcn50mvj2+gvNHEo4gQPezVyG2Q/WNdlHs16YHa0n/FSfnW6+zvpsdrWf8AEv8AnSK+HlfTL+xHIorSLOdxBohb2aeTH91dRXoDp4ZxbT/iH/OpB0ToS9oJv/Xf86z3/n537QSyo5slrvIBbcpGMbRVqCwUcRvtA9PSn+76V0m3tJpYoZAyRsQTKx8vnSNC6GNCDye3Fc75WDLg0q9jItPow1hGqtukbGScgVT1K6sbCAJEYDcMMAFlFV9X1tLZxB7wRR77LyfkKSNT1TxX91Qql8ru5YfGnfE+Jdf1YbvQZkkS4L/rlUjvwTVPjacSMy58/OhVvId8rs53P3GfvNWvGwvpXSuPF6QUVvlkkkmATxQy6uBIGVW2r5t6VvdXC93PHwoDe3jTuVjG1Aew86ZixbeyZMulwE/0gjoFht4ty8cLy3xqjK/0i4wIgpH1jjtVISNG3uk/OrMMmYnf+t2rT9anlCVk8uw5aabbSMjd8ehp30e4sYYktpTHGQNqgHzpBtPeRH3MGxyBxVwRC7Cra3M6Op3bCgbB+dYM2L7OHRom9LhHQWs/o14Zs+4BjKc1abV0k1GPT1KlzgIoPLD1obo9y8tlHJLJ4ky4DHGM0x6PplsrvOqKkkh3byMk/DNcpRqmqNNPS2KXtBEkNtCka7hLIIj8Me9/lQW3hcwriZe3k1MfXMkEl5aweIMRvvZsdzg/9aF2tiZIFcEgNkgEY8663xdLGkYs22z6MPaucLr98LiO7GvF799V+iNomI8CPftxt2+ICE/Wbs/uroxYeo++q/0Ky+mG8+jW/wBKK7DPsXxCvpu74+FdYwHOrW919uj5dUfUtUNzPNFFCS1vtbdMFJjAT3Tg4G6imo32saLBAI7i8uLj9G3lwYboI7F02bAfDUZxk9u+fOnL6Na/R1t/Bg8BSCsewbRg5GB271u0cLSrKyxmVAQrkDIB7gH44H3VCCCmrPb2W6x6wbVppBbOybYWMe+VVLAoowpBI2n7POpW62ZusbrTY5ANP2vawOIz/vKgsx3YwR3XGe6mnKHTtPgWRYLO1iWRxJIEiUB2HOTxyfjW/wBEtPBEH0eAwK24R7F2g5znHbOec1CArpXVYtY6esjHqMVxdNZxmd4pEZ0Zl7kDsc57jypTkn1m10+djrur3TnVzZjw0gMgjUnlRsA3Hzz91P8AZadp9gXNjZ2tuXAD+DEqbsds4HNSC2tf+DD/AEnifVH1/wBr5/GpshzS5611K06T0qaG6N1eXM0lyrtGDJLaRuSFcIuA7KFQ8DBJ7URvOqJG1Wae21MJppbTHQkoFVJWk3Ek/tYA+yniCztLaSSS3ggieQkuyIFLEnJyR35OajbTNNeJonsbRo2wGRoVIIHIyMeWaraIJesa21z1xDZ22vvbaY9hFKr21zbrGXM0qsSXBLfVAwtVundb1i56yNpJf3ckL6hfpJFOkYh8CJ2VBGQu4uDt7ntmnj9B6MRGDpen4i4j/m6e4Mk8ccckn5k1ZFpZh1dbaAMkjSqRGMh2zlh8Tk5PnmptENdV/wCzLr/lN/CuQwMVSJS3PcGuu6qw/Rl3yP6FvP4VxqKRWEe0nBA7+lcb/UXlUjsXAmazMfpDlnJJJJz86XLy5G9dozg0Q1uc/TZFXuWP8aDPwSXPNbME6lBNkxufCl3g5jY/d8KsvdZXIbv5UI8QoGUcofI1p4rBdvl6U+saoFZHJZurh5G2AmpLeBQO2SO9UoiSc+dT+MyZIq3OlpFp+2WJoFYdqqFGjJ4OKlS5OeasJKD3H30O6nsPh9HrO/8ADCbgMr60xaVqKz7jGdhU8r60CMMUo5AHyqONHspxNATkeRPcUm4jJv8AQp8p5H+xmSyt3mkkCR5ySxwKaeldds764FkkwLkkx5HDcZxmuVXupw6ppbWzB1kyG4GRkVa6KjuLHUU1KV2ZLUExgscbiNoz99LXxY1uuyVkt9LgJ9Uy3X6RlIQgIxDOeQvl5UPj1W5jQJvZseZkWr2kXcltePbariR5CWjm/ayckH76KvpMEjF0SPaeR3o5lQtIj/p7ZzYazqv9qX34l/zrP6Z1X+0778S/50PFbVtMuggNY1T+0778S/51uNX1P+0778S/50OBqQULbL0EV1bU/wC0778U/wCdSLqmonvqV9+Kk/Ohq1KB7woG2TgJLqV/n/tG+/FSfnViPUr/ACP/AKhefiX/ADoTH3NTI+KVW/0sNLf32eL+8/EP+dTC/vvrC8uz5H+cP+dCoX8i3NWNuNu1/P76TW/0sMw6heghWvbk/KduP30Qi1C7ztF1OxGP/wCzc8fOgEcpHvHHxIxV2JwAHGWXHukkcGs1phIOxahcBHBlmcenjH99ZjkKyEEgrtBU4Gecc0HS6aHkcnI3A9gP/n8Kz43hM7qwJHbJx8RSKhsvYudV2zQalNjkO5YEfE5peJJ70/XRgvDtuEDqpPHYqPOh8mgWBkCnxASCeDwa6OLOpnVEfImttArXaTRrXLWxtfDtraImbu0hYnj0x2ofGq5kOAQgrZNpztAeJHGuFJqKV9xwO1WbdfEhkB4PcVWRfeol2W+jwQ4yK3SUocNzUqLzyaxIEOapvZetdFiK4HHPFWNwccGhAO0+6alS4I+sCPlQPF7QU5PTL2n3TWN2cqJImPvKTjNHbzWY3X6Ii+BFKQRJ3wfl6UEswlzZTgf0kbb1+XnUSBZEwT27Z8xVNJvkv7GlpDQgdlWG+CtnmOVT+8URhldI1XxCcDvk0r6ffy2yiJ3DQn+o3Iout7CABgD5NQNFJn//2Q==','cau vang'),(12,'product 9',1.00,'','12'),(13,'Product 6',60.00,_binary 'data:image/jpeg;base64,/9j/4AAQSkZJRgABAQAAAQABAAD/2wCEAAoHCBYVFRgVFRYYGBgZGhgaGhwaHBgYGBgaGhgaGRgYGRgcIS4lHB4rHxgYJjgmKy8xNTU1GiQ7QDs0Py40NTEBDAwMEA8QHhISHzQrJCU0NDQ0MTQ0NDQ0NDQ0NDQ0NDQ0NDQ0NDQ0NDQ0NDQ0NDQ0NDQ0NDQ0NDQ0NDQ0NDQ0NP/AABEIALcBEwMBIgACEQEDEQH/xAAcAAACAgMBAQAAAAAAAAAAAAAEBQMGAAIHAQj/xAA7EAACAQMDAgQEBAQEBgMAAAABAhEAAwQFEiExQQYiUWETMnGBFFKRoUJiscEHI3LwFYKS0eHxJDTC/8QAGQEAAwEBAQAAAAAAAAAAAAAAAAECAwQF/8QAJhEAAgICAgEDBAMAAAAAAAAAAAECESExAxJBBCJRMmFxkRNCsf/aAAwDAQACEQMRAD8ANbIAFKsm4WNSKpaireIK8lLBzgmPbJppYxo5qazYAqd2ApjSIn4FDpakzUtx5r1boUUDJ1ECluo3+IFb3c4dKGndQhiR1fdJJppgZjL1ra5jzUfwYqgsseMz3Ed16IJb6e36Gl4yiDNPPD1rbhX3/MLkfRUI/qTVMvP71Uo0k/kXYfpqQ9aB1DMDUkN81pevmpoHIIR5amCJSXHu81YMTzCpaJRHsr1TRDWjWhsmjqXR4lyKPsOTQYT1o/GiqSGiaDWrXCKka6IoO9kCmxk65detlcUnvZEVEcqo7E2GZGXFQ29Qg9aW3rhImlV/IIMGl1sTkXa1qw9anGrD1rngyiOhrf8AHt61okxqR0vF1IHvTnGyQe9cnwdTYESatmlarPeqjJrZSkXlXrcGlWLlg0xRprpjKyrJga9qMVuDVBZ7WVk1lFBZzbFRYre/cVardjViDxU7ZW7mvPUWY0O7GXNbvd9aT2L0Vu1wnpToAy9kAc0kzdSIMCmP4ctWh0oHk0KvIC3GvkmTTS1dr1cJVqK64XpVXZQV8WtUl2CKJZiFA9STAFLmyqsfgfDW/eLNu8gV1I4G4MCJP9qcYuToTRdsLA2Yy2TwdhDf6mB3fuTXKchGRijghlMEHqDXZmMz9K5L4xRbeSwVyxYb2mPKWJhePYCtuaNVRKF6pQmU8VMlzil+ceaxSGZivLVa8BuKqWHw1WLGyYFJrI6G++t0elX4qpbeRJgdaC7GZINYHimum6YERruQpAAMIZnjuf7UkvDqVBA7A+naiXt2S2R37xnivFUkVGq0aFgVFk9hLnPtoJLhPSmmZZB61HjY3elQqNcK3Plbr2obV9NMSKOukIwamyKLiVSKObngxUyLTXWdMKEsBSxDWidiNlWiMfLZDND769Y0DLvoeqbo5q5Yd+RXKtPc22FXvR82QOaqEqZaZaAa2Boe1dBFShq6kx2SVlazWU6CzgVqmmIvFKFO00zxcgCuFmYw28V4rhetbpcDCKhzMfiRU0IMGoKK8bVBVYcMD3orGtz1quqHQ1fUZ7UNdvTWrKBUTOKEkI8dprrHgnD+FirDBhc/zOkbSwAKzPMbetctW2ByRMcx6+1dm0s2jaU2AotsNyheg3cmB25mR6zW/BV2KTwEMw59o/8AVcu/xHsv8VHKgLyCw2yWMHaQOYAHf3rpzvw0dZAH1gf7+1c88fqh2QzEgkAGNp/O0RPoOtPlegRT7T8UNktWzcUDk3jWKQyZb0UZbyaSLdplpOM9+4lq2NzuYAmB0kknsAAT9qrqNDbC3XGVFEs5CqPUmuh6B4fWwpfICtcDjaQSVUCII9zM8+1DeF9JXHsIz21/EG6QWPLJ52QBWHbbzxwd1N3yU8zMfIrsxPXc427VjvESft60Yj+QuyLxDlRah1PmYdOAIMqI70kS3IpF4k1HfeG0OIPO48n7dh7U7wbgKiuXml5EwO+QpqB8ztWau8Gq9cyeazg+xmtjh7hbmprd2BUGAwajMixxxWqNBVqN/imWg5cgCgjhbjzRmNjfDq7AaaljB16VQc/HKOfSuhY90MIpL4h08RNP7gUzdTG3iNwT7UHi2puBT61fUwl2AxVNjKvnoQsjtRWhattO0mml3DDqRVP1Kw1t5FEc4EdOxdVHrTTHzwe9cnxtUMdeadaVrDboJqu7iVZ0r8UKyqqNS96yq/mHZzjOTvQyXyKmd93FH42jFl461NpLJJBh5RkVe8Xw1edAym247hHVj9OOJ+9VexoRMQKuXhmw2OQwn0Yeo71NxbyJtFb1TTdkyNsdQeCPYikw8tdn1fSbOUvnHO3ysJBWeQfQ/Q+prlWvaFfx/nWFJYKwghtp6+0jkA9qt8Tj90NNCtr1GafgFzuI4oLTsN3fkcVfcPCCJWcnWEJsQJaa3ctlULuHVlVRLNtO7aB34BrrC3gwDAESJhgVP3U8g1yS7k3WzbC4+03A+5Ax2qdqlmBJ6AqGFdRybxCjcNsjpIMH0kcH/wAVtw3GLYma2bm5XniXIPTgALP+/U1UPHLH4QYW/LK+faPKJ4JbrLH+vvVg025utEt0+I8+8QAOO39YjvVU/wAQUu/C3AqEBDOpY7+WCooXbHBMnn+lJu0gRSHfigby1sr17FGiwMpFdM8I6Tbxlxsku3xbiMSvBXbc2sgA6htkc/zGlnhPBfGum7ct7S9hjbkA7t+3kDnnaOQRMNyOaYtnALYICqFZgFWYAVyogdAAoAjtFKU6RMmOsa6WFtUgsbzEdYEbSfsIJP8ApNb6lf2IEUhVSfMfmZifM0DvM9Bx0ms0G2y2VuuPO6nYODtRju3HsCxPU8RHrFI/EFztLM0iYjaOPQiT06mPYd6zaqP5EKWs75edxYzPWibGVt4rLPAoO/1rCceyEz3PyN1KGXmjWag7t0A0oQoVDbCcAcmjxnKOJqpXMyO9CHPaa3jBlJF6tZa0Pm5gA4NVjGynJ701FkuvvQ41sY00zNk0x1m1vtyD0FVQK6HirDpmZvXa3ek1aAremoDcE9QavBUlOPSqRq2PscleKf6LrMpsfrSUvDEmE4WT5ipoHVsAOa8vvscuvM14mYzmIocqC6EuVihKK0yxPIpoul/EMtNMreGtpelVtABfh29aytbmfBPFe0qCyupp5VojoavejYUqOKHz9PAeYp/pagLRJ+WJs8s4QB6UQ9oBYFbm4BUbXJqVJN0Kxlp2XuWNqiOwKyB2O0dBW+djW7y7Lqq6jnafXoD+jGkbAId0EjvBAj3JP9v6UwGQpEKxkDgHhoPaft7dq648lxplKhLZ8Piy3TyydvMmJ4n3iK21W4EQj2pwuUrFpEgbeOkHkH9INVfxUzIkkEBpie//AG7VlJLaBlL0e01/PthLotMGJRypeGUFgu0MJmCOo611XULsISzBlI6jgA/STH61zLwzpoa+r3A+2ZG1tjBv4W3doNX/AFF9qOygsACHVjzPeY9+vHU1XZdaQMl0N/8A46fxEu5Hudxg/aCfaJ7Ui8cWVa1DO0ggwICO89OeSAJ6f3pp4fuTioVgS1zk9hvbcT+nTuSO01XPGWYrAIo8xMKSW3ABjubbMcmeYpf1QFJXGPYcUw0rTReFwM4TZbLAkEgtPCn0EbueYjoat+laEDaBI7UquraR9iBkJWHMkh2Cvz18nzAce1T2CwjNyyzIZEOjgjcGU8OikRPYChfDeG2Vet25OxBvuET03s8T6sTHr1PakuZlNtQJJbzqAOSSSQI/6v3rpWiYK4OKquQLjw1wjlmcjhAenlEDvzPHM0RjbtkoL1e+AYZgAOir1PYDjp6QJMelU3Jvh3O0EKO8ys/yiT9zTLP1JlJCIU3D+JXDN14YnmJ7MR7Ck9u0/VoJ7wIH0A9KU5WygtLfFBZVkijEux1ofKuyKzbATXGiluQ0misu71pc1wTWkQRE61tYQTXrNQxuEGtUVRYMVlFMPxQA4NVNchvWtmuMe9S4WFDu/qa9DW+NqMf2NVp7bH1qexZcdAaOiFRY714P161A6beRQdu4R8wp5ilWAmufkh5JlGz3DveWDySKNwcI7tx6UqysoIeKIs6uWETFTGN5EkWtcu3bHJFeHPtPwTH7VULt7nrW1q8TW2ShledNxietZWiuPSsqcgW28Q1SBtq8UnuOymaMx7gZea5J8zSozsy/lQR71LjXZqF7A9ahsuA0T0qOKfZ0Gg/OukLIMHt7e9QYN66UhmVuZAJBJ9+Zj9QfSpbi7xQj4aJ52LKOASsx7Ex0+vvyD0rvjjRSDcif4fKTt3A7pjkAgH13e/as1XFXIUsxICu0CAZMA8+g5mh0dVYFbpYA8q0wfYxx39FqVGAZLYkodxmeCGDenssVa+Cj3H08WlJCqWA4B6Ghs9zslSA6ryBJVl5Pl7wOkenYV7qWqMkuPlU9YG0HmF9OkGPel2blJcteVgGILI6hQCTJKmBAaZ+49DR9gGGhkfhLZfhfOYEwRvb9vf7d+AtZtvcdFKsEJkyRAI+VQszwIniAePqT4euTjWjEtLwB0J+I8fT1j+w5nxrG69uJUwOeZPrJEeUeg6wJPJNN6BjFwbWPIieFEiR5iF/vXNNXzBvVxAPxCW5n8nHSY+/WY9rj4t1BrYgN5fJK8RySQee4KE9j09K59iYz5OQthSQC7Fjydqj5mP2n7kUn8fAix/4e6QGc5t75Lc/DB7tzuf6L9ev0pzr2sPO5AF44d2AO30XuFj8oA9SeaM1S4liytq0EVEAALyEEdCqiS7d93STwwNc/ychbzlC7OSSSY2z6wATx7tPXtVPCr9gF2L5d97OY67QQATzyYmYn1NMvxa0jsacT5UEKKGuWLgcIhM/sB61k49nsCwnKFQX34pffcIQvVuKmtOz+VVLGOijcf2rJxdgJc88mlxmasT6XdcBhbchjCmDyfahbui3lJBsv5evlJj9K6o0kNCt34oRm5o7JxnT5kYfUEf1pY1axRYxwLBdoHT1q1YWkIAJ5NVDDzNlMsHVndwJgVElJiZbBpiDmBUGQ9teOKOtWyyTPaq5noQ9ZLIj1rIdxHrTRMbYKgwEmKPzElamTATZFkNNQYoExUlu0+7npXtzG2GacWtCR7kkDpzQ6Z+w8itzf9agybQbpVRS8jDf+LrXlK/8AhzVlV1iPB0m9noagQbj5WilufYMSKVLqDpwK8+XBJ5TMaL9ZwyV6zQlzE5g0h0nxI5O1hVht5QerjGMFrIIKsoFHWtjlqKX5IelWUWA6mrU5MLHWNeDkothCFnzBYUT/ADAeQn3I+tbZBO0psZGhjbkzJjlVPeR3k8xVUxrrlwAxAkT1I+pHerEzqU8lxgQQDuRtk9gJJK9uCWNbp2slpg1//Nt7Jj4YQsSN8MWLkbf4jIiDA60sbLR7BFwAbmPmG1dj9pCgAAgde8HuKNuFgyFY2vcBuEQYZZMwPUbmoXMZAhPwxsIKnoWiQd26Bz04p2A08POfw1tQe7gnuAHfcY/r69O9MMHIRQzEhQ0ieir5ZA3N8w6c9yZ9Yr+lXimMgBG3cwY9QU+I3lB9/wCw9DUOt6inwSh+dTJWNvBXgqs/KDAjjpwCKEwYl8QagPOnPVDBmZIJIjtEgcelWnwxgjBxjeuQl255iSAWRTyiAcc9zz1I6xVf8H6Scm/8e4JtWtpPHDuFBVekfzH9O9WDXdU84VSqseByC/JjiDAnjjcOvSaaVZGhLrWc12QiM79t5lzP8W3ywP5oHuaI0rRCYlYJA3QS0nvLHkisstbw1+PevNea4xRUQhwpQ+ckk9VPB6RIEGagwsy/c2NdbYRcJQLAEiGLN/KgmPvNDTEyz/gkClEI3CAx7LPqf9xS61pyIjNu3u52qwHE7ivA7xE/7NRf8RUbmBI3cIeTstgkM8fmZpAHUkH1ovGwsm4Q4T4SABUN0lNq922wWLHpMR1pJfCAxdMxt4lFKpJLH5rjmdoZj1Ecx0HH0o9ssTCLDsOdincqDosAT36dt31oZ8W1bA3ObxHYEW0meTE7iZHWfaI4oXO1EKNo/wAtTztZFCnrBJUD9YpPADC7kMASx28QIlio78LwD9T/AFpPleIEThPOeg8x4+q8R96rWTqDufIuw9dyluf3oUYj7txkknk9zSS+RosNzUbr91PtEj96r+racHO4IEPfb8pPqB2pliFh1pmAGHIppuLwCZzbItFDzU+kXIcVatS0oNMCq8+nMjBgK3U1JUUpJo6Jpzyn2pBqqeaaL0bK8kGh9TQu0CsFsk904luFqwW8YKstQWlY621k9ag1LUieBSdAR5l4b4WsewWXmh9IXe/PNWm9jBUJ9qKApr2wDTHEa2eDFLMu8NxpfevEdDVJWVRdvgWvUVlUX8c/5jXtPqHUva3Q60my8Yk8VrhZUcU7061vb1rPRkKEwig3EUZpmUzOqoCSSAAP059B707zrVvhXfYgEserQOyjuxmP37VmJ4wxccbLGO6r3byhm92JMk/U0RhGT9zoaRZbOluQA8L6mQ0fWhMrw4W3Qyj0kGD6/Tt69ahs+M8Z1BO5WP8AD55n0G2ZNNVy0YDax57JL8/of2roXHxPX+jpFXu6A9td8AjmQDLCDEkdx9JobJuNbJBQBhwdyyQO4E8c1Z8i5cE7WVvQNCn6cEz99tKsrOgj4qFDyAxggEx5dwlSD7GolFLQUJvLDSpRXEEgEAE/KxU/LBPUcESBNQXbm201pwSFUb9oEoxhd7EmYAISAP45kRRmRYQy6HbMySSCIjg+468dQRx6Ao5YhgR5yltysDfbMsvUHbICiY/hHrzAA2nJttWlLABXc9yGeWKmACSOCft78qL+7JupasmS/EwRt8oBL8doYn/zRWJlbEts5O1BeKr/ABSHBYexEAc+sUf4dsjFstfuLBcEhm3AInYQBMtE/oDQth5G+e1vGsLj2iSEHJWAZPLO7ngE+4qi6jlk3iltAwKNJI3FXZZ3DdPKx6xyfQVJqmtNmL8BVZQ7zGwb3iIAVQTG6Ttk8qPtY/D/AIFuCWvubFtoG3hrzKDIECVSYXrJ6iBWyQ9FZ0zECoqIC7sWZVALEA7VhFAMsxXmOyir7h+FXeXyGKKQQEUbn2kyZiQpaJMzMmR2ptb/AA+IhFlNnHmfYzO3+tyZP06eg6VXNU8VoX2B0aSASXdAJ5DS8L9evvSaSecsY/F3Hxx/lIiMFgPcVt/ECAxBIHA4EClmp653YhpmCjwftJ//ADVLueIbl2UDOvMcPuXg/wAJAHHX9qb6XgiS5kswEyeP06VMpPQqJMnUXddoQuG6OdoeDxO6ZMc0GunR8zb/AEBHTqe8nvTa9ag0JkXIrMCCzZUdqOVUpbuJ6VDfdh0ooVjc2k7EViwKq+TmutRWtYbvVdWBcVANQ5OCpFKsPPZ6apcMcmp0AHYtbeBRaWwBJ61EbgmsuZAipchkWXlRwKAyF8tRO5Lc1rk3+KbQUHeHmAugE8Vb/ET7LBI9K5vhZRVw3oZq6+J8ndjL7gVVUgRRg8mTUjW1PrUQt1FcMVSQwn8H71lBfi2/MayrpgObDksAByauulAWlE/MaX6PpQWbj9ulb49wu5JP0+nasJMg01u9uJNU978MZq55OKgB3v196FwNLxXf833mkgANPyFI+WftTbGyk54dD03KIYDuASOJp+bONYWSoAj2qBNewyYDL+1Uo0ACuUUICIbpMc3CpC9eikjnpz9IjmnWNqgIjeXIHn2wlpOOQxAJgdOvP9Y01HGY8Ff2oxLtsjykH96pSoLAb6WLqyJQyPOhKiRMKEO6e89JpVcwGUiHDrDAbfnUSCrbOWkET3HA6VZVAMyxAHoCTz6cED71peyUWV5B7KDsHXqxTme8TEdZJgH1K3gadlOydPQs4YfO4Z45GyfiEL/rd0UeoBjpXmRpLu2+/d+Eq9LRZd5LCPOG4VjPzNyDwF710DSbKvaS4xVmcAow6KGmEXb2AgEg8nca1vYoSdyPt/Mjux56lkYkgdIILe8RVw4pJW2Oq0VrSr6WZt2LS2LkfNcO93HO6XHyR+U7RzwKlOW7hxd+IzL0hHXdP5VIlgOOY7n602vIgIUZFxT0AbY0H8oIUR09f4fagb+nvP8A9kEdgUZAD/Mwdif0H6cU5Rk8WFFL1W3futtS2VCKT0fcRPWWnnzDge3FVrN0bJZgSjmenBJ/3z+9dRbGvDq1pyOkNBUdPKrhVHp+vI6ULdv315e1c7nygXG+vxFlUHHQDt070k+o1g5/gYjoYZYIMH1Bq66a/lFQ3dRQkh1APPkWdxnuWPTse/vFeW89FIECSflQ7zH24n6E9Pepk7diYRnPAJqr52oQYq0XXtuILhftPTrFUnWsUG6VtsWX1iKUabyCG+DkTTK1a3Gk+k4LcTNWvExoE0mk2JoDu6QrDpSt9CAMxxVtS4BQOpXwBxSyhie3iqgofN1RVHWgc7USTsWl9/BYjc1Ul8hRvd1eTwaKxswtwaQPag0ZhkinKCoGqHF4cTSu9fI60ezytLchZNTFfII1S7Vh1XPDqqg9IH6Cq/bSaLW3FXJIZ654pdksaaCKHyLINCwAo3VlE/CrKux2dY1W8qJHQAVTbWsBXP1oXWddN2Qp4quXrhmojx3slRL02Yt4QOtPtE00IJIqr+DNPLEMx4q/tcVRC/rUNJOhaKx45vEWiBXPdN0jIuHyI31IgVffE2e4IVF3MTAHUk+gA6mmXh3w7qN0BrrJjW/cbrrD2Tov/MZ9q14+ztJFK6wItN8IOBuuPt9gat2m6QVHkVm9wDH/AFHj96tum6NZsjgM7d2c7m+3ZfsBU2dqdu2CWYCKb4VVzdDjxym6WWUrKuXFu/CA88qApIgMwDAkjrCndPaoNbsNYtO7MGfaEWPzNCLA+pn7UYMfIu5F7It2iVYD4ZcqgIKICyhjJ+WAY7mqV4tzsi0iLfQo5dmAJBHkEJDKSDyzmJ7CueSv2pP7G8fTx65ebqi3Wsw27NrHQnciIoIHy7EEuY6cj9xTTRdeR0CM0ugVWPeR5d0n1j96o3hTUEZ7r3DJabamZABILGe5ML+nvSzMe7jXuDwSD6hlmatSkpb8HNK1KjpWq2QybZ8h5hSEBMluoWRzJPI5/Wq/cyXR1YnyboB3K8iPlMdZHPt/WKxre4bZEEncOSIaSvPse/HWhr7oy74BXngqDtPozLDA8df/AFTcryFWGC+5LD5hBZCDEMOyg9JH8JMT39Fz6uUUM0oCzKxAI2MI8yz9RK/X04Bs5pRtrEH3BkEUVcylcQ0EHseR+lICK/rjGQx3KDDKwDj03pu4jgyD0g/YDJ1BD5diSeRsJRWHqFU7Q3bkf+Tmw0ckwJIgnv1n+vehU0VNyyp8pBBk9jMH1FNUMUX8wdUciexAn6bweencCs0/NUuFfg9j6n0p9leF7LBmUssj5QRtVpB3LIn2jpzxFVfI06H2qT9/Wq9rQ8Mv2BtgRR75IHlqq6RluilLghgJDdnX1n1FCZWtw8Cs1F6JSLg0np0qHJxtymleDqjEUys5cjmk8AIk0uH3Go9Zuqi06y8gBTFUjWMku1OPuY1kGDyZoiyYrMGxuHSpbybe1asGbXbvFL3vEmiTbL9K3tYMdaSpIFRtjIetEuDFE2rYArHIHXpUKVgLmLCo3vkUye4kUvuIpPWrWQQN8YV7RP4VayqwULwDTrSvDrv57vkQevU030zSktjfcEkcxQozrmVkLbAO0EBUXufpS7t/ST2vRbtKRVQBFgdB6mrTp/h9mE3SVB/hHzfc9qK8O6ELKqzwXjgdl/7n3ptl3wgJMxVw4kl2mOMG2l5ZBiaXYsmUtqG/MeW/6jzW2VkgKeeear2b4nWSg4I/Uiqzn+JyCRJqZ88Uqijv4vRSbTl+hnkeLtrMjSGUx9fQ0D4f352Xufm1ah2nozH5F9+QT/y1RvEWeHIuLw4EH+Ye9db8B6WbGGm4Q9z/ADHnqGYAhT/pWB9jWcIOck3o6eZrig6w2P8AIuQDAmuc+MrbMrK43I0yDyQYJUj0PBg9orpF2FHNcy8V5W93P8CI30LN5VX9Czf8vvWvPFYfk4+KqwsFU8P/AAduxyw2HmIlj6z2ptnHDfja6GIDB3JH2YkH9KpmJl7WcepB/atb+USazcG3ZS4o7aGl5blt9ituHZl4DLPH0PHSmSWbxQMgZ2DeZB12sBzHfkGfSQexhVpd5yJ7AmmWNrBRwR2oSrBxTSjJpCoZoYg8Qeh6H7xUpduxrbXsPeTfRQvMsFED3MDv3oWzfZfK4qlTWBYY2wMpgasWPcDDmqxj5C0aMwqOKiSJY/vuAhiq1eQb5rZ9SPrS+/lmeKEmNG+o5x+UUNg6cXO5qIxsAudxo69fW2Ip3WEDJHVba9aXZWsgcA0Bn5+/gGlLrNVGC8jUR6uqF+9B5SzzQON5TTBXkUOKi8A8BWETtAHH/ei2sSOeaExuO/2oq7lQOKiTdiJlRUFaI240pbJZ22zVgw7O1ZNTTWxUDEkGpL+PKSKWZ+XD8U2068HWKdNZHRXr25TUDXj2p7qmGeoFI7iR2rWLTRSZF+IesrzeK9q6GdDK7+BzJCgepPA61e/B3hFMMG40Pffq3ZB+RP7nv9KysqPTpWzOJad1LtQvjaR2PWsrK25W+p1elSclZyTxTcIuMp4ZTIYeh6cVVMnOMSaysrkglZ7TbURh4J0o5uXbttHw1/zLnuiESsd5JVfoTX0Gqx0rKyuzjSo8P1vJLvRFlQVIaQP1rln+INxUQJbEKSSSepPqaysrPm2b+lS6nLUPmJpxpeiveAbovrIlo6x6fesrKjkbSwHLJqOC5YOm29gUCIFV7WNNNt+vB6VlZWEG7PPWybTc0Lw3IqbULlhhugg/SsrKvyMUW4ny9Pet8jJAFZWVfkpCq5mebimum2t3NZWU5YQ2PHYIlU7UsxmYisrKXHsEChTUbEisrK1Q0E49knk9KKDbaysrGTZDJEyOa2v3OOKysp0Mk0XG3NuNP9SfakVlZUS+oCiZd3c1NNHztpArKyuhpdSnouMi4s1W9YxIBisrKwjslbK9srKysrcs/9k=','Description for Product 6');
/*!40000 ALTER TABLE `product` ENABLE KEYS */;
UNLOCK TABLES;

--
-- Table structure for table `shop`
--

DROP TABLE IF EXISTS `shop`;
/*!40101 SET @saved_cs_client     = @@character_set_client */;
/*!50503 SET character_set_client = utf8mb4 */;
CREATE TABLE `shop` (
  `id` int NOT NULL AUTO_INCREMENT,
  `idaccount` int DEFAULT NULL,
  `name` varchar(255) DEFAULT NULL,
  PRIMARY KEY (`id`),
  KEY `idaccount` (`idaccount`),
  CONSTRAINT `shop_ibfk_1` FOREIGN KEY (`idaccount`) REFERENCES `account` (`id`)
) ENGINE=InnoDB AUTO_INCREMENT=4 DEFAULT CHARSET=utf8mb4 COLLATE=utf8mb4_0900_ai_ci;
/*!40101 SET character_set_client = @saved_cs_client */;

--
-- Dumping data for table `shop`
--

LOCK TABLES `shop` WRITE;
/*!40000 ALTER TABLE `shop` DISABLE KEYS */;
INSERT INTO `shop` VALUES (1,1,'Shop Can Tho'),(2,2,'Shop Cay To'),(3,3,'Shop Nhu Anh');
/*!40000 ALTER TABLE `shop` ENABLE KEYS */;
UNLOCK TABLES;

--
-- Table structure for table `shopproduct`
--

DROP TABLE IF EXISTS `shopproduct`;
/*!40101 SET @saved_cs_client     = @@character_set_client */;
/*!50503 SET character_set_client = utf8mb4 */;
CREATE TABLE `shopproduct` (
  `id` int NOT NULL AUTO_INCREMENT,
  `idproduct` int DEFAULT NULL,
  `idshop` int DEFAULT NULL,
  `quantity` int DEFAULT NULL,
  PRIMARY KEY (`id`),
  KEY `idproduct` (`idproduct`),
  KEY `idshop` (`idshop`),
  CONSTRAINT `shopproduct_ibfk_1` FOREIGN KEY (`idproduct`) REFERENCES `product` (`id`),
  CONSTRAINT `shopproduct_ibfk_2` FOREIGN KEY (`idshop`) REFERENCES `shop` (`id`)
) ENGINE=InnoDB AUTO_INCREMENT=13 DEFAULT CHARSET=utf8mb4 COLLATE=utf8mb4_0900_ai_ci;
/*!40101 SET character_set_client = @saved_cs_client */;

--
-- Dumping data for table `shopproduct`
--

LOCK TABLES `shopproduct` WRITE;
/*!40000 ALTER TABLE `shopproduct` DISABLE KEYS */;
INSERT INTO `shopproduct` VALUES (3,3,1,25),(5,4,1,10),(6,5,1,10),(9,6,2,NULL),(10,7,2,NULL),(11,8,2,NULL),(12,13,1,NULL);
/*!40000 ALTER TABLE `shopproduct` ENABLE KEYS */;
UNLOCK TABLES;
/*!40103 SET TIME_ZONE=@OLD_TIME_ZONE */;

/*!40101 SET SQL_MODE=@OLD_SQL_MODE */;
/*!40014 SET FOREIGN_KEY_CHECKS=@OLD_FOREIGN_KEY_CHECKS */;
/*!40014 SET UNIQUE_CHECKS=@OLD_UNIQUE_CHECKS */;
/*!40101 SET CHARACTER_SET_CLIENT=@OLD_CHARACTER_SET_CLIENT */;
/*!40101 SET CHARACTER_SET_RESULTS=@OLD_CHARACTER_SET_RESULTS */;
/*!40101 SET COLLATION_CONNECTION=@OLD_COLLATION_CONNECTION */;
/*!40111 SET SQL_NOTES=@OLD_SQL_NOTES */;

-- Dump completed on 2024-01-10 14:16:16
